img_id,asymmetry_score,asymmetry_index
PAT_880_1673_410.png,0.4050903646651816,17.998075072109312
PAT_236_1071_810.png,0.4908164840223417,24.95755517811719
PAT_1636_2869_595.png,0.2438038232365803,10.302096913593298
PAT_724_1369_896.png,0.5327910170165494,19.99443778135641
PAT_679_1286_677.png,1.999999999978676,99.9999999989338
PAT_1401_1374_593.png,0.4156175105418758,27.79176652608849
PAT_237_362_909.png,0.569776609718175,25.203679368991228
PAT_801_1518_78.png,0.6068042557079566,42.68512026336503
PAT_833_1571_134.png,0.2463074901440389,12.367936925073062
PAT_2090_4532_178.png,1.0590128853259224,34.17391619305964
PAT_242_368_261.png,0.8606619578522123,61.15813437613693
PAT_1755_3309_828.png,0.1890640436657552,13.369678837751596
PAT_1554_4170_992.png,1.5899598393511694,79.15662650571242
PAT_797_1511_805.png,0.845400758271845,22.879902849441976
PAT_217_1290_283.png,0.6767727331950928,22.035433235502037
PAT_319_679_533.png,0.8759131651200883,50.795295580488265
PAT_1381_1314_517.png,0.5039817011174279,28.76143680103661
PAT_156_241_538.png,0.8969748422069787,47.71987590333786
PAT_742_1470_425.png,1.431959003827893,47.88852938102749
PAT_849_1612_143.png,0.645363517462008,33.016360018768225
PAT_738_1552_843.png,1.0756702566577898,54.65851365717816
PAT_2093_4542_192.png,1.3747811447802372,71.61279461274734
PAT_1818_3568_132.png,1.069342232638848,69.97512476920643
PAT_963_1819_298.png,1.1068965637719308,10.689646393920237
PAT_398_799_163.png,0.9478000374454753,47.657741995845925
PAT_985_1856_397.png,0.6503409681646689,31.21304113459428
PAT_196_300_749.png,0.3054744635385081,12.03840250398062
PAT_2022_4184_111.png,1.250398406369618,36.33466135443975
PAT_1061_254_813.png,1.1737539096278025,75.64384108594642
PAT_531_1004_189.png,0.2488467772086075,14.175289864037415
PAT_1837_3608_851.png,0.4389550445839261,37.559107891411536
PAT_400_801_376.png,1.7894096165536584,82.63745181571839
PAT_935_1786_482.png,0.6100209351005186,16.912770411705143
PAT_330_1440_532.png,0.5352556052306393,35.493377538865865
PAT_1393_1356_371.png,0.4922049825907025,35.391008188216595
PAT_416_826_123.png,0.7641814401136503,45.42041831473078
PAT_860_1641_440.png,1.5537972228639412,99.9999999996958
PAT_112_171_863.png,1.096587344027857,76.19448165766306
PAT_761_1435_561.png,1.415595272131254,77.18268141953143
PAT_201_306_781.png,0.8215200950054344,31.442590161865848
PAT_2092_4537_438.png,1.4230982189644583,42.309832286737695
PAT_1566_2435_150.png,1.380458108875131,54.30298252519907
PAT_1070_304_845.png,1.4118402948538318,72.71982375370291
PAT_912_1729_244.png,0.7501401345270868,51.75168161420758
PAT_193_297_295.png,1.0177026917759349,54.377172419195496
PAT_1701_3136_33.png,0.7339754836671224,29.874954609208444
PAT_343_717_927.png,0.8143944270212801,30.076498958492493
PAT_954_1808_415.png,0.685451923554609,33.4703552070857
PAT_493_3016_512.png,0.8822447992242576,64.04450895004783
PAT_619_1175_767.png,0.3684052012912279,18.82525200098362
PAT_336_705_711.png,0.6249999999983294,31.461286804714163
PAT_1572_2494_224.png,0.5868255455868916,28.26348908815716
PAT_2021_4180_381.png,1.4913065815431432,75.29525643635215
PAT_1276_957_406.png,0.2790267540570099,11.469738243216373
PAT_1708_3157_518.png,1.349802165071164,66.68088907510776
PAT_1980_4018_929.png,1.508781515882477,52.6344547653554
PAT_1249_862_658.png,0.4858118318677421,18.900766776697758
PAT_340_714_68.png,0.2708550483783088,13.167920884899504
PAT_155_240_211.png,0.2873965626980211,13.14449395285523
PAT_377_1580_534.png,1.5239542801520083,64.95622568077899
PAT_626_1186_898.png,0.3385181089389136,16.914634251332615
PAT_666_1271_645.png,0.393034488650612,8.538603110908623
PAT_267_412_275.png,1.38450452358124,90.48296702733252
PAT_1257_887_828.png,0.4464159530353437,17.091536968665157
PAT_1981_4023_673.png,1.308753236519667,34.53220730646579
PAT_86_131_107.png,0.4105523495463234,30.12556281309561
PAT_650_3858_329.png,0.08783914175709,4.090643560170522
PAT_403_804_994.png,0.624988168480253,16.51206814953508
PAT_964_1821_83.png,0.5560399108765082,32.05463528031996
PAT_1243_837_806.png,0.8159502485376311,38.87051919325718
PAT_931_1762_69.png,0.551310785112374,28.8882097255988
PAT_86_1109_306.png,0.5475372279487792,34.95990836191788
PAT_313_669_908.png,0.3922637245777053,32.07497009169783
PAT_846_1607_895.png,0.7332941359071554,41.18163776609752
PAT_180_279_377.png,0.4060686254127823,19.39022255297396
PAT_803_1522_907.png,0.7045105065197078,17.745256472162417
PAT_2089_4529_762.png,1.0545383037973055,12.240351614299538
PAT_1497_1712_633.png,0.4158656540049394,15.162917889576873
PAT_1349_1229_828.png,0.6868675937434697,18.251176884329
PAT_621_3591_171.png,0.2449912190680466,4.987208443168616
PAT_992_1864_653.png,0.5302398331568308,28.31074035439126
PAT_868_1657_698.png,1.999999999470058,99.99999997350292
PAT_1267_912_371.png,2.000000078747945,99.99999999992124
PAT_532_3216_633.png,0.2816975594024868,9.209403439236114
PAT_899_1702_32.png,0.6398522170137486,36.13906454211031
PAT_701_1321_156.png,1.1239362037431735,65.14530668843993
PAT_230_1008_673.png,0.3948553054656847,23.64415862804833
PAT_1365_1253_912.png,0.5211920280036391,18.08019627345666
PAT_886_1684_297.png,1.8949129887512597,99.99999999992782
PAT_1671_3008_622.png,0.6345143698521613,30.34678891500848
PAT_955_1810_892.png,0.3976093111016683,18.5592953757899
PAT_630_1196_710.png,0.3922140221236278,24.876151620539115
PAT_1557_2399_681.png,0.8568513407427545,42.97386369089352
PAT_1730_3236_7.png,0.3683064436303664,21.31050183112548
PAT_722_1376_280.png,0.3541296050624618,16.29813929649239
PAT_135_202_105.png,0.9361229718173908,56.08881298026476
PAT_386_785_536.png,0.4090973301302413,16.118095776194938
PAT_1222_767_519.png,0.9817900704339716,48.7682528774796
PAT_1928_3876_437.png,0.2224087947478738,11.53375325202899
PAT_522_3174_761.png,1.756029629710382,94.42245975997716
PAT_334_703_907.png,0.2756542123135048,7.592211644247346
PAT_528_992_124.png,0.2736111111109293,9.031165311647117
PAT_2077_4463_77.png,0.8049582661980784,7.476845951020793
PAT_1892_3760_713.png,0.8918888809627068,44.239913097394265
PAT_228_348_535.png,0.5555571512082382,28.027156860087043
PAT_1088_373_781.png,1.6523631840594533,65.23631840716472
PAT_2066_4417_201.png,1.501960644516275,99.9999999999301
PAT_856_1626_523.png,0.4348467079907169,16.602445970827574
PAT_900_1711_622.png,0.4529230769121466,18.89230769185177
PAT_809_1528_118.png,0.3898734177193685,33.67088607576365
PAT_632_3700_890.png,0.1730972368932175,8.414410407511955
PAT_949_1802_582.png,0.2481381303492213,10.941494683011058
PAT_2160_4814_243.png,1.5498355121237166,94.23962888234595
PAT_1811_3487_560.png,0.8634577969398691,35.32227112035978
PAT_1036_169_687.png,1.9829233902492744,99.99999999969282
PAT_1498_1715_345.png,0.7469612739086664,35.39998115515433
PAT_1170_609_378.png,1.7688726865112292,78.52999708577664
PAT_268_413_643.png,0.2856057701184606,10.30343040010227
PAT_475_913_874.png,0.5220868118856005,14.480376163497812
PAT_526_3205_611.png,0.4517247394858585,15.909980779790478
PAT_252_383_31.png,1.1233701514795509,12.337006723797902
PAT_35_48_43.png,0.4252002288323557,21.538901601800465
PAT_1013_82_876.png,1.3078596744635411,76.11223620696978
PAT_85_129_225.png,0.72951167727023,18.81104033938952
PAT_593_1127_823.png,0.2626729849603526,10.525605383192737
PAT_720_1362_700.png,0.1300381736154603,7.114173813884314
PAT_442_863_795.png,0.3008316416733745,17.012638334075465
PAT_1370_1274_515.png,0.922301206449794,12.731321449836289
PAT_211_319_777.png,0.2283130053443554,14.6018911881399
PAT_999_20_223.png,1.2512570470746505,99.99999999940246
PAT_1074_322_662.png,1.6101796921991598,99.99999999983145
PAT_1780_3381_999.png,0.3767279090107273,27.89151356075705
PAT_217_333_61.png,1.3867817993663727,38.67818897515772
PAT_316_1457_353.png,0.6091695005521413,30.10201991227187
PAT_973_1839_34.png,1.8016284233726492,80.16284233823251
PAT_757_4220_942.png,1.2246828316156426,58.42654455354018
PAT_1340_1208_931.png,0.3310562863426307,14.17602890529239
PAT_760_1456_878.png,0.214027235070556,9.87962172934474
PAT_2061_4395_587.png,0.7760744132175869,24.16646119283754
PAT_177_274_865.png,0.3341220784234812,12.038825574645738
PAT_1468_3656_337.png,0.6384589756784372,56.264954417354495
PAT_491_934_46.png,0.2909332447688881,9.34266663259417
PAT_609_1159_932.png,0.3454671063443743,6.412137228812417
PAT_132_198_114.png,0.5440599965907391,21.019260269288832
PAT_517_971_88.png,0.6297273270353556,30.98257347249734
PAT_1171_615_468.png,1.4847870307949231,76.91773176407234
PAT_330_1438_323.png,1.1584028350580324,53.84474383643077
PAT_36_50_14.png,0.7912069612991965,26.97061157313243
PAT_123_186_718.png,0.4374406228802703,21.80785690645136
PAT_113_172_610.png,0.238915774103083,9.901318750926198
PAT_1316_1114_517.png,0.8080808080680044,39.15151515089481
PAT_240_366_768.png,0.4068907661389477,31.611292116174575
PAT_628_1191_564.png,0.2613444159858346,13.415164548385295
PAT_526_991_109.png,0.532176453996712,26.02348160376681
PAT_1680_3038_587.png,0.1851404096574467,10.10327795238865
PAT_684_1302_588.png,0.7126830521530088,42.74214267358408
PAT_194_298_945.png,0.6899534264713716,26.879574184612743
PAT_971_1847_99.png,0.8210145427474356,27.08288147974095
PAT_1221_766_430.png,0.4354067505736686,26.95402968093824
PAT_764_1448_499.png,1.08679411117499,8.679411118360719
PAT_344_718_206.png,0.3834037024995911,25.673920103848097
PAT_99_153_636.png,0.7472733277991936,38.13852409248524
PAT_943_1793_256.png,0.2976786472637447,15.946300291871207
PAT_2143_4736_227.png,1.0196409121239596,43.234601735648944
PAT_494_939_518.png,0.1580413206399079,6.557626088711334
PAT_490_933_352.png,0.98626373626094,32.47541931743251
PAT_1439_1521_868.png,1.4085877021119404,66.58028119758951
PAT_1733_3239_934.png,0.8479147067994274,24.396362495930276
PAT_683_1296_237.png,0.2586580797785277,13.149766708252898
PAT_819_1541_727.png,0.4643290013365627,9.116389945562144
PAT_59_93_342.png,0.174412635097661,7.379214206918528
PAT_1800_3460_206.png,0.920432960255422,49.40172066612046
PAT_637_1217_274.png,0.5777094367554343,22.165271370782243
PAT_2034_4268_141.png,0.5424639140641024,25.459166546731964
PAT_412_817_232.png,0.3550614788609088,18.477345460645964
PAT_471_909_394.png,0.3436709007162284,18.241569359356124
PAT_465_901_627.png,0.2892636924182676,12.876314834919752
PAT_357_737_77.png,0.1633550202212763,9.70634781077982
PAT_722_1377_120.png,0.3335736731157937,11.056628853411528
PAT_561_1068_909.png,0.3754096908490648,21.262585998144687
PAT_1082_342_705.png,0.8611339358940961,60.23007395137142
PAT_976_1837_861.png,0.6535942764119457,34.549721770021016
PAT_587_1117_880.png,0.3676900151228262,19.90674682258652
PAT_16_24_691.png,0.575851490107335,13.24192336588218
PAT_417_828_723.png,0.3429935935607932,16.91420182579598
PAT_394_794_235.png,0.4874279260530489,26.041728585834235
PAT_20_29_850.png,0.539161598223167,34.68623174778192
PAT_512_962_998.png,0.3597635272343469,15.582833160313594
PAT_968_1835_721.png,0.7312331488556353,35.63218390794683
PAT_1475_1651_727.png,1.9840413048488843,99.99999999953982
PAT_680_1289_182.png,0.4175805272430922,21.162860706109758
PAT_698_1150_510.png,0.6454408033252537,31.698428980170014
PAT_1608_2720_196.png,1.9999999999926756,99.99999999963376
PAT_875_1670_121.png,0.1653513824883859,4.357718894006756
PAT_388_787_818.png,0.7839477036097586,45.16826830420975
PAT_385_783_574.png,0.2141697855336205,9.318665371061153
PAT_244_374_726.png,1.0581229723474663,65.3471675706754
PAT_483_925_716.png,0.82387372953486,46.969743008700654
PAT_1277_964_152.png,0.714041829758995,48.338023295874905
PAT_1113_458_387.png,0.3918783606549293,5.951885756363002
PAT_59_46_537.png,0.2475329705792025,12.84699806322016
PAT_704_1323_974.png,0.6425677967647252,30.18798325137646
PAT_1400_1372_276.png,0.7629643597906995,22.87384499323081
PAT_53_81_522.png,1.895901976931922,99.99999999979812
PAT_323_686_356.png,1.4232103156942104,99.99999999988376
PAT_166_3672_759.png,0.3662732954795811,20.6914873776973
PAT_894_1680_410.png,1.1494127088332575,33.727292624158366
PAT_816_1544_933.png,0.4561339667147071,9.842496138244917
PAT_420_834_948.png,0.1777173638355498,8.182992754943196
PAT_1798_3455_379.png,0.4580116744890199,22.04801757580914
PAT_994_1866_913.png,0.2680545469208011,8.545146453616145
PAT_473_911_610.png,1.0376116596414875,60.30017170992606
PAT_247_1293_449.png,0.2451064793999313,13.706159793954164
PAT_838_1585_282.png,0.8815264527260069,32.97484822180518
PAT_261_401_911.png,0.97119861786996,43.745654509792566
PAT_223_1067_569.png,0.7244781783663243,50.1834282098692
PAT_486_929_274.png,0.6612661434359598,25.197737941235555
PAT_536_3227_442.png,1.231922637639783,43.029644077853085
PAT_1071_314_500.png,0.5469926525548059,28.899341829365472
PAT_267_1258_693.png,0.3960377861743105,22.086389235531
PAT_265_407_421.png,1.9999999999788136,99.9999999989407
PAT_884_1683_538.png,0.4824552801041593,23.86616433616945
PAT_908_1726_939.png,0.2018769303871713,6.5027322404341295
PAT_503_950_552.png,0.4089636076986592,17.359000481795434
PAT_1725_3222_943.png,0.7538782970582701,63.53243578474223
PAT_920_1747_19.png,0.9018009004493406,42.55627813902779
PAT_595_1142_142.png,0.5684149230976951,31.44777329752489
PAT_1210_738_915.png,1.7089734593443235,74.86297689406405
PAT_351_728_683.png,0.3346282185364529,14.213855271662997
PAT_1701_3135_5.png,2.000000179003967,99.9999999999105
PAT_841_1603_667.png,0.219624730851604,4.552445401405797
PAT_384_782_292.png,0.9306812105649342,27.74248743447572
PAT_191_293_391.png,0.6457770523967035,32.54927766570632
PAT_832_1569_413.png,0.3208625723324141,15.628850511422474
PAT_657_1247_455.png,0.2778758243926649,14.110961237475845
PAT_599_1140_399.png,0.2701505104668316,13.14618334673263
PAT_681_1299_458.png,0.4435543018325871,24.89703808175028
PAT_849_1613_824.png,0.3487296507362938,10.886688467257548
PAT_279_429_142.png,0.8070634843771789,27.766626823920426
PAT_42_58_13.png,0.1648544739228239,10.477697736718191
PAT_319_678_357.png,0.356490534413177,17.377570535258364
PAT_162_252_773.png,0.4023208173158291,21.007040972283068
PAT_1161_578_233.png,0.6563930013455486,14.77792732166111
PAT_439_859_283.png,0.4533906501876887,20.6835034927284
PAT_1094_381_85.png,1.7981772990769649,87.57249378567784
PAT_36_49_935.png,0.2764396169308553,14.52261514860207
PAT_864_1645_639.png,0.5581295414651994,30.26578024802448
PAT_793_1512_327.png,1.99999977203123,99.999999999924
PAT_1450_1556_114.png,1.591519451144992,60.17048635563093
PAT_579_1099_837.png,0.3258521812789404,23.59130792480738
PAT_216_331_678.png,0.9143954475778112,46.86140131425032
PAT_1951_3934_98.png,1.042724060390263,44.65949245094156
PAT_1975_3999_453.png,0.1660633567434016,9.146218817513256
PAT_126_192_208.png,0.7146017699092901,39.98103666232871
PAT_1689_3075_38.png,0.8288772740970825,42.5670921700254
PAT_1833_3599_827.png,0.733811814809624,61.16412966303347
PAT_201_946_262.png,1.27993278613287,27.993316590465195
PAT_396_796_394.png,0.5747419395918772,36.45979355149359
PAT_837_1583_124.png,0.2332145696642855,11.249317841626407
PAT_1392_1353_161.png,1.0138464499235722,54.64346869018976
PAT_328_1738_890.png,1.999999999996871,99.99999999984357
PAT_1415_1439_295.png,1.024889348735978,63.54543886862725
PAT_837_1584_745.png,1.2333818704216808,70.53127691110747
PAT_1946_3924_24.png,1.479183747833743,47.91837478355293
PAT_188_289_908.png,0.2802446435724829,13.501440966464736
PAT_1241_824_82.png,0.6155397086280552,36.76073240392783
PAT_172_267_557.png,0.2011277812835558,12.110416709067543
PAT_2127_4662_596.png,1.0043607147658535,46.38563801811658
PAT_390_790_505.png,0.516821465426185,25.13931888534718
PAT_665_1260_16.png,0.4514251293329838,25.613663771909383
PAT_51_78_959.png,0.6458998198338518,27.71524174106976
PAT_1727_3233_399.png,1.5563308372990954,95.38801906026713
PAT_185_285_862.png,0.8450224131816619,24.687299291316123
PAT_948_1801_993.png,0.8622941285316357,24.249874428293257
PAT_1728_3234_299.png,0.8370661945436715,45.57643054812405
PAT_1741_3273_34.png,1.968675709597324,99.9999999999399
PAT_605_1152_536.png,0.3994702044746304,19.88922457199549
PAT_709_1331_253.png,1.3064663935419762,66.32421719180675
PAT_1423_1472_18.png,0.468921389396149,17.489335770850523
PAT_987_1859_859.png,0.0,0.0
PAT_917_1735_936.png,0.7686432587217416,27.95162830157037
PAT_324_1464_266.png,0.510595013335009,22.91469442653903
PAT_417_3537_45.png,0.2677843128835863,22.90173013350687
PAT_1984_4038_265.png,0.2795929603117881,11.890290606050836
PAT_1641_2886_284.png,0.4566915760864495,23.23369565214812
PAT_1547_1876_839.png,1.24976691183834,95.8665699780504
PAT_302_650_477.png,1.29275911026496,76.01514434425168
PAT_1367_1264_801.png,1.9907859433491728,99.9999638231516
PAT_300_648_84.png,0.1333406738602392,7.024884386691381
PAT_492_4723_890.png,1.0016646101001947,73.65407711079402
PAT_682_1292_986.png,0.1130870133065603,4.74153432643625
PAT_2009_4134_828.png,1.032476934832043,15.924516934874584
PAT_716_1345_460.png,0.4954499494340599,12.43680485314069
PAT_817_4471_179.png,0.6702943091075217,42.33105298786615
PAT_1136_517_92.png,0.3290089135987201,15.912099549852265
PAT_872_1709_526.png,1.1210050694194489,48.60039673751248
PAT_1942_3918_497.png,0.2647491591926432,11.368413677122236
PAT_940_1775_513.png,0.656681400171235,27.519534113977013
PAT_372_760_267.png,0.8527924598098185,30.882610199847875
PAT_1615_2749_350.png,1.9999999999954683,99.99999999977342
PAT_1603_2704_969.png,0.2035729081414439,15.67654308862273
PAT_944_1795_371.png,0.8472657956389098,18.84357253483303
PAT_2011_4141_862.png,1.9999999999905265,99.99999999952632
PAT_904_1739_546.png,0.7041623008979232,28.809802836706567
PAT_183_283_495.png,0.4459788789566431,21.202274573348607
PAT_1374_1284_208.png,1.282726225292462,98.39581671524158
PAT_876_1664_579.png,0.2013872881751267,13.635105249493606
PAT_2024_4225_170.png,1.4536891678853887,97.8021977961768
PAT_2036_4281_271.png,1.6708045856130798,82.60668057067502
PAT_1184_676_303.png,0.6626560726432471,44.05221339377256
PAT_355_732_625.png,0.5235346719773316,24.190445221230014
PAT_78_118_164.png,0.2559712875727225,17.071332436057972
PAT_1698_3122_83.png,0.813698264352044,42.24833110812207
PAT_272_419_906.png,0.704544995862527,35.01859599675266
PAT_233_354_935.png,1.2410939186714045,38.03526448349302
PAT_1313_1105_284.png,0.8650163474989043,27.3370254219609
PAT_274_423_374.png,0.1472873278055803,8.17610062892384
PAT_517_972_845.png,0.3655009742585604,33.21026903219149
PAT_721_1365_142.png,0.2345503816279908,11.521257142697923
PAT_1755_3310_986.png,0.4225965970995285,35.34489984071226
PAT_1432_1497_328.png,0.371983474265134,10.475307926939054
PAT_1688_3066_491.png,0.6316596397082009,33.1181537592282
PAT_290_445_988.png,0.5800727215237654,17.034226543349657
PAT_641_1211_321.png,0.2413559739138223,11.301833394843015
PAT_774_1462_821.png,0.2224648068871358,8.159651591250068
PAT_1301_1063_739.png,0.651803864393841,31.378386239552253
PAT_247_1294_292.png,0.476751075903857,21.49018016690936
PAT_15_23_240.png,0.3740673950491781,20.9184616287519
PAT_1790_3427_355.png,1.1572668510587616,74.17264735241581
PAT_2105_4587_204.png,1.6211487076593336,99.99999999988964
PAT_362_744_283.png,0.3769967048044615,18.624187949710464
PAT_1690_3082_117.png,1.6916070903894656,74.3805699734151
PAT_270_1382_561.png,0.6950616917831213,45.6345413003059
PAT_142_210_904.png,0.4711846318019852,19.4592671646422
PAT_425_841_644.png,0.2724268177523165,20.94218864754954
PAT_1648_2902_292.png,0.2763385146800582,6.869210237075311
PAT_217_963_806.png,0.2338135588186844,18.64410620426813
PAT_766_1444_52.png,1.6234305286241382,99.99999999991766
PAT_505_3200_856.png,0.4393318348090604,31.32354885621983
PAT_224_343_782.png,0.2393104230461747,19.95916978562362
PAT_1418_1447_360.png,0.2436050531073123,8.1264533970009
PAT_1813_3562_195.png,0.3144074518176051,12.4650150539971
PAT_1842_3615_850.png,0.7145566909363017,22.070611270827538
PAT_798_1529_282.png,0.6997410763811984,36.62844460877398
PAT_935_1781_341.png,0.5664137533609725,6.924702266608923
PAT_330_696_894.png,1.3574625911173763,69.84269088083656
PAT_443_864_894.png,0.5150319988085952,9.465694299733176
PAT_1062_264_741.png,1.9999999999341465,99.99999999670732
PAT_834_1574_276.png,1.1288131556926786,12.984446163085869
PAT_620_1176_980.png,0.3115884853328955,9.847162105309437
PAT_690_1309_981.png,0.2359354027375466,4.875124741679422
PAT_687_1304_898.png,0.6701041199614836,28.14726249187705
PAT_1772_3346_66.png,0.3797566954565994,10.54548786912842
PAT_715_4073_115.png,1.7527534700925926,90.51842260723052
PAT_227_347_19.png,0.585936003065171,22.245640927359823
PAT_2088_4523_400.png,1.4202304237426433,77.34817418458148
PAT_741_1400_780.png,0.5106589979105495,21.961827910811763
PAT_872_1707_638.png,0.2952994328547937,14.793809477979414
PAT_660_1249_469.png,0.3941762240754376,15.95942466897223
PAT_423_839_596.png,1.0535864705474427,29.825698179150542
PAT_46_881_939.png,0.4143222171292097,21.75113079937045
PAT_701_4056_457.png,1.112634790224314,60.5763131663281
PAT_190_291_366.png,0.9102288284757344,33.32290240560714
PAT_1568_2454_468.png,0.4386960752509135,21.780733052198773
PAT_1577_3527_831.png,0.3676494665061314,14.963432166524578
PAT_1322_1137_201.png,1.139293685172026,34.46238676626605
PAT_267_1062_418.png,0.1368215231540884,5.922827512802706
PAT_897_1704_988.png,1.2906583526617337,49.87377327456943
PAT_383_779_429.png,1.06286299965598,17.685912766160257
PAT_2034_4269_670.png,1.048920033455592,52.88606911444285
PAT_862_1643_386.png,0.5195660735379977,26.7552182163
PAT_653_1234_311.png,0.3033060227370707,16.00107514880454
PAT_114_173_213.png,0.6935541951722004,37.93662225409725
PAT_81_123_52.png,0.2427233068722907,14.66781091323124
PAT_1765_3337_365.png,0.2337082829780996,11.67611787671015
PAT_1172_622_420.png,0.9519567096734822,37.41963617533888
PAT_360_742_782.png,0.8219723501238936,27.44652060676845
PAT_514_969_187.png,0.3224311264757196,10.02103145600852
PAT_792_1498_936.png,0.5410881801121512,27.342747111660465
PAT_1993_4076_174.png,0.6933927529431223,31.7567854257147
PAT_75_113_165.png,1.3477381002560636,34.77381002568903
PAT_204_310_975.png,0.4452853034654922,22.270319358229955
PAT_441_861_415.png,0.5230996068135227,18.82372214934976
PAT_394_1562_579.png,0.2806873977083526,6.681084872566577
PAT_1666_2985_968.png,1.9972370238645505,99.99999999922603
PAT_752_1426_714.png,0.4160460034672394,22.00625252883992
PAT_565_1073_749.png,0.931317988125956,42.18873292966584
PAT_1702_3548_386.png,0.4369069457752448,16.681848148153048
PAT_645_1500_364.png,0.8253719655435945,21.65532196853906
PAT_904_1737_511.png,1.022163292646507,44.185005398348665
PAT_867_1650_901.png,0.3782422263140277,7.626854738468074
PAT_478_916_806.png,0.5362221539038972,37.92713945583305
PAT_100_393_898.png,0.5260570304716667,22.713864306346736
PAT_221_339_566.png,0.6080102258185027,31.51540974284648
PAT_771_1488_562.png,0.670149176210978,64.17704637522029
PAT_728_1381_63.png,0.6660592255117848,33.13211845098806
PAT_612_1163_833.png,0.4176044897351535,16.3195982867925
PAT_850_1611_332.png,0.3926546809196752,18.89779721410874
PAT_299_1455_759.png,1.6260675718692634,71.60475956102
PAT_1749_3288_409.png,1.8139694674134008,99.97083092702476
PAT_1411_1414_355.png,1.0593928728540387,80.36662267185359
PAT_388_1589_976.png,0.5148860866487444,28.273463335234712
PAT_2155_4784_483.png,0.2907526274944345,13.564223742644288
PAT_1300_1056_532.png,1.3734122359163343,85.4097944705561
PAT_1956_3949_217.png,1.536968252570868,63.2544951126299
PAT_911_1728_101.png,0.4271216034332418,6.180204430532089
PAT_8_15_820.png,0.341525842750864,19.059080537258875
PAT_1374_1285_735.png,0.4489675516206877,19.370698131685383
PAT_876_1665_569.png,0.7122047459325369,41.22177683470092
PAT_375_763_732.png,0.5751437859408466,23.0807701923218
PAT_1551_1889_948.png,0.7237447489441124,55.67113422640865
PAT_663_1254_732.png,0.1940709748194529,8.77745745847677
PAT_304_4186_458.png,1.7610974847591527,91.57349061228338
PAT_309_663_812.png,0.4455302482980822,25.06559184758008
PAT_718_1358_919.png,0.2301882028196493,13.044788295906637
PAT_71_108_56.png,0.3607296243132217,16.334522068690763
PAT_1780_3380_542.png,0.3000748119854359,15.679017206744597
PAT_859_1638_598.png,0.4722575215581348,20.83126856714199
PAT_1682_3050_600.png,0.3323068580738667,19.830864851832505
PAT_972_1843_756.png,0.842314417421276,33.447252689009275
PAT_2129_4680_110.png,0.878507440583812,38.13578144654657
PAT_537_1014_961.png,0.6759773772812091,46.52662126730383
PAT_540_1016_644.png,0.2600509185924024,14.679880456158164
PAT_757_1431_696.png,0.3590429087015746,19.215345542014653
PAT_1308_1095_117.png,0.4044096862323698,19.19344200501718
PAT_931_1761_380.png,0.8661603297357021,13.407122678633682
PAT_1907_3801_88.png,0.4081569834539433,16.090804155395844
PAT_297_4307_924.png,0.4771173976979535,15.260835712405983
PAT_852_1629_265.png,1.5208963768659816,94.14410730320668
PAT_79_120_532.png,1.368485969772793,36.84859697788389
PAT_210_316_401.png,1.3074592224839616,72.61298433351509
PAT_325_689_528.png,0.829097214012048,16.656815226373226
PAT_166_257_586.png,1.1541996675422643,21.9516964896
PAT_645_1300_463.png,0.2538725895352545,11.278642505514885
PAT_677_1350_67.png,0.9825073546046784,24.29056347588875
PAT_782_1492_890.png,0.458079028169906,15.49906577930832
PAT_500_947_77.png,0.5329306539643514,33.07004297812791
PAT_664_1263_781.png,0.3399924613642745,18.002589357401693
PAT_433_852_20.png,0.7383566830636293,22.15070049190888
PAT_742_1402_818.png,1.426049709007427,73.4350342067136
PAT_771_1491_390.png,0.6677628907830656,29.167681688973936
PAT_2103_4581_72.png,0.8155028274309094,44.65857603602574
PAT_753_1833_710.png,1.4614264919524669,99.99999999714588
PAT_938_1789_693.png,0.197339246116874,14.781966001263974
PAT_633_1199_218.png,0.8307692307665361,65.65756823800044
PAT_1433_1499_29.png,0.9859478568238034,14.555899248734349
PAT_781_1474_517.png,0.6378679955576466,24.68109308558438
PAT_928_1764_426.png,0.6029028436011954,30.17180094783225
PAT_217_1291_419.png,0.6717847370001258,20.431742170811702
PAT_1906_3798_588.png,0.1761358335659196,8.610877880367788
PAT_1090_376_384.png,0.6268249420095114,45.16305089358909
PAT_2016_4155_600.png,0.7831834177646,40.26468094335476
PAT_1278_965_701.png,0.7647287692798236,50.2382235610334
PAT_1026_124_346.png,1.1018564977204164,99.99999999803234
PAT_2062_4397_39.png,1.307711693541925,99.99999999950585
PAT_815_1536_963.png,0.4492860494725736,20.721324663081543
PAT_990_1860_636.png,0.2931796864516284,10.518558220499465
PAT_460_894_242.png,0.2182090996479866,12.24189897550549
PAT_356_4511_960.png,1.7852240020391,90.9254672851912
PAT_1881_3711_217.png,1.9999999999379008,99.99999999689504
PAT_730_1383_535.png,0.4492698364277725,30.64780569639681
PAT_1017_97_577.png,0.6347536517064171,38.85567244379093
PAT_354_731_155.png,0.3158675361203839,8.308400460290862
PAT_1364_1246_420.png,0.2955568770702748,4.8594002208737335
PAT_2099_4562_100.png,0.6716096627585304,16.694570676832416
PAT_646_1225_590.png,0.5051198922554527,24.657052784918484
PAT_662_1251_43.png,0.6116011332402045,11.987026269421255
PAT_441_2868_663.png,1.687360382741741,90.44894702195832
PAT_1324_1145_309.png,0.8320839580148742,66.30434782559966
PAT_1638_2878_536.png,0.7033805819240501,33.374212443826856
PAT_301_649_533.png,0.3956227196334544,20.55501341533433
PAT_1070_305_907.png,1.202820638131176,20.28206381339137
PAT_243_372_119.png,1.084601339001055,45.10042604937047
PAT_145_216_158.png,0.5759977034357597,40.48883636129538
PAT_1940_3901_900.png,0.3943112555865314,21.007720438812523
PAT_2088_4525_507.png,1.1803522699024698,22.22773505322852
PAT_1139_523_682.png,1.999999999993153,99.99999999965765
PAT_426_842_458.png,0.3001778460913419,11.819648108745566
PAT_38_54_234.png,0.7283468282576313,12.89869213782899
PAT_435_854_68.png,0.7133713740203516,44.97407302940349
PAT_913_1730_815.png,0.7278166060936946,38.904109588998445
PAT_668_1259_681.png,0.2171319225571669,7.952498874372132
PAT_1089_375_677.png,0.2129208371208599,5.550500454860025
PAT_366_2448_563.png,0.934778764668489,62.71819992406391
PAT_810_1526_67.png,0.7703825188241732,36.7393433958183
PAT_1109_437_254.png,0.2504715342959345,16.48564875284105
PAT_198_302_44.png,1.1550840015395627,44.9449350617904
PAT_1577_2543_510.png,0.3045796967822571,14.765300390985786
PAT_32_44_211.png,0.4064883770007555,30.91325715315789
PAT_2162_4820_913.png,1.0858065317220191,39.67465540772931
PAT_631_1227_585.png,1.6370665126087265,63.706680259066864
PAT_98_152_562.png,0.9456176166704378,27.695270089545023
PAT_1899_3779_475.png,0.5493766079514062,27.13239659587096
PAT_818_1539_859.png,1.447384871836474,73.9529068549906
PAT_813_1619_543.png,1.2407114288137409,86.21734320477609
PAT_876_1666_961.png,0.2336625100318065,12.975867299785518
PAT_1960_3957_864.png,0.6652680395281793,50.89714569635091
PAT_107_160_609.png,0.2367806214248021,11.359669146273257
PAT_1945_3923_428.png,0.3116170603488136,11.671355886093492
PAT_181_280_417.png,0.3792280608070674,11.128539723322769
PAT_1846_3622_35.png,0.4604695735483879,16.147580258668754
PAT_1735_3242_27.png,0.6351510561300826,33.20710258349528
PAT_959_1813_1000.png,0.5377647436389728,18.441786192074137
PAT_44_63_151.png,0.6645259938827959,30.955657492308337
PAT_1035_165_800.png,1.905810219546384,99.99999999996224
PAT_1027_128_854.png,1.9999999999876736,99.99999999938368
PAT_2154_4783_625.png,1.9597802976544243,95.97802976578988
PAT_827_1600_1000.png,0.2917061963974549,13.438061924966648
PAT_2068_4424_995.png,0.4328190476862398,12.572884363794238
PAT_318_677_278.png,0.7519129399711806,45.85954769566427
PAT_375_764_705.png,0.4438517686668436,24.03144300941291
PAT_151_227_63.png,1.1972380666325575,45.36175322672504
PAT_439_2887_834.png,0.4734911025482876,21.94092826996327
PAT_996_6_886.png,0.5593482677841121,23.282219369270383
PAT_257_396_494.png,0.253190236564791,15.677186159389676
PAT_430_848_476.png,0.2583033924778002,17.69204006340922
PAT_1605_2715_845.png,1.9999999999723157,99.99999999861576
PAT_154_235_162.png,0.1390018662834903,6.883927155433326
PAT_1405_1395_96.png,1.6738736819612692,67.3873681965446
PAT_411_815_692.png,0.3806090133975676,24.63824604136584
PAT_961_1818_992.png,0.4667130423274078,29.81930878397913
PAT_839_1591_204.png,1.094257727723449,57.1235849608634
PAT_279_1393_118.png,0.1711239776258291,11.93392114346433
PAT_296_640_206.png,0.3545276020917428,16.825108495802606
PAT_168_260_654.png,0.2767687454807064,13.943711291795042
PAT_1305_4097_251.png,1.611830659185849,76.86062246249622
PAT_798_1771_240.png,0.8600476342812653,10.731932743222035
PAT_300_1478_445.png,0.2363221550543904,14.66572175108361
PAT_461_895_72.png,0.5864124560493783,41.51482007466931
PAT_780_1473_791.png,0.4523012111992462,20.24672629048186
PAT_1593_2651_122.png,0.3334275072435485,27.866782234016103
PAT_1543_4346_860.png,1.7268568968542484,90.3030478580932
PAT_186_286_109.png,0.4930670854826415,40.24680278206964
PAT_678_1298_396.png,0.9237347930450264,58.40295938372304
PAT_1581_2570_738.png,0.3138004372437356,14.631086260099885
PAT_38_1003_68.png,0.4408538039579485,23.706176961547246
PAT_1993_4077_139.png,1.4404959980898775,82.154642081297
PAT_71_145_971.png,1.6537085898525448,97.15039577814076
PAT_247_378_484.png,0.6616702355425659,22.00214132750765
PAT_877_1667_118.png,0.3460588505677618,15.884044591360976
PAT_97_151_503.png,0.5475218477039062,27.923778403347157
PAT_842_1606_720.png,0.7280642081253592,55.56249226695613
PAT_21_982_266.png,0.7654729109256186,47.27884909691741
PAT_980_1851_351.png,0.6004779342234677,33.0513865249833
PAT_1840_3612_959.png,0.2749988140450319,14.593070047492056
PAT_428_845_189.png,0.1393075671011432,6.384086659243798
PAT_1122_479_664.png,0.3587516087504771,6.692406692385582
PAT_1269_936_965.png,1.9999999999885127,99.99999999942564
PAT_1275_955_131.png,0.7820435471177958,61.63012392752387
PAT_2115_4613_260.png,0.7968156424572277,26.23463687147964
PAT_57_90_910.png,0.7861690980873031,51.23720480357788
PAT_826_1615_908.png,0.7720747162843091,28.728612281727862
PAT_498_944_488.png,0.2145530059868867,6.696963969421624
PAT_927_1759_749.png,0.657991587801748,30.419733613713788
PAT_1176_631_36.png,0.4516296584836111,8.73912478894394
PAT_154_237_625.png,0.5283604948197957,25.828799189168688
PAT_1631_2837_667.png,1.6556808965552132,98.77116665428314
PAT_755_1430_681.png,0.260459078302844,8.365295725887295
PAT_1633_2855_594.png,1.745448313376309,100.0000664014338
PAT_364_749_377.png,0.3114764751750645,11.885885105261696
PAT_1707_3146_743.png,2.000000311724895,99.99999999996884
PAT_691_1311_686.png,0.388480825651486,19.012047691363836
PAT_717_1347_899.png,0.2628150098362681,11.94428587813116
PAT_122_185_957.png,0.7775700934565538,39.25689537262186
PAT_2131_4683_112.png,1.267681345124552,62.90902272080299
PAT_149_221_679.png,0.8233628281064771,37.67943227774833
PAT_1783_3413_850.png,0.2789405519580777,14.376530637364697
PAT_632_1206_634.png,1.427188992339107,47.00628086949612
PAT_1719_3203_18.png,0.8469896815490844,23.327959030818946
PAT_1736_3246_166.png,1.6124999999977288,65.33764367806889
PAT_1670_3007_105.png,1.4018640631752215,59.45561768085016
PAT_553_1049_461.png,0.3381351087646613,12.58770797537034
PAT_237_363_344.png,0.6487758945368951,42.937853107231376
PAT_1931_3879_727.png,0.2466028526196788,7.286378465036856
PAT_333_1469_499.png,0.7256188055450579,37.41883446742865
PAT_567_1076_545.png,1.5148320529374577,97.70311474583808
PAT_747_1409_116.png,1.01436432501681,38.05474165643591
PAT_520_983_221.png,0.511702758669802,26.15976068085693
PAT_1547_4232_115.png,1.9999999999806009,99.99999999903004
PAT_249_380_366.png,0.1821563568724339,8.057838843204177
PAT_698_1319_166.png,0.3613679934678144,26.71093056485967
PAT_2151_4779_515.png,1.5734718046797074,75.92238316466351
PAT_877_4672_612.png,0.5100864553308783,26.726438253787805
PAT_723_1396_338.png,0.4379261625404328,20.93801830578013
PAT_14_22_850.png,0.6648461750024346,32.69419669165687
PAT_43_61_210.png,0.4814527850993327,25.178731709456454
PAT_665_1261_17.png,0.7367335903269419,38.724786347096426
PAT_611_1158_156.png,0.1923171936754235,9.523221343850452
PAT_330_697_575.png,0.4325604206562661,22.37281659770576
PAT_645_1222_140.png,0.380793597865817,27.5388092326972
PAT_419_2767_323.png,1.4100327355914457,76.13544424398515
PAT_1326_1156_139.png,0.3542524005463147,19.44444444431369
PAT_311_667_416.png,0.3484689311694617,16.158904322764343
PAT_1950_3932_655.png,0.9646328023231532,44.654844203929095
PAT_953_1806_326.png,0.4307132523778683,18.84178685720181
PAT_640_1210_293.png,0.1385088036484401,7.237936043187977
PAT_854_1635_103.png,0.3491113276044927,18.42977410295874
PAT_980_1849_295.png,0.8716669972504552,22.86985350370075
PAT_516_966_57.png,0.7891309229698017,18.234897821612947
PAT_782_1493_140.png,1.99999999999712,99.999999999856
PAT_1252_866_852.png,0.2385823725139773,16.072119476891896
PAT_960_1816_662.png,0.5086631851227514,18.04382839569
PAT_730_1385_585.png,0.1772561027472255,9.020158203619614
PAT_938_1790_977.png,0.5940262843460818,28.195937873225123
PAT_126_191_304.png,0.5636064910940086,20.70282861186763
PAT_492_1784_50.png,1.2338122246840646,48.97071948861542
PAT_159_245_181.png,0.5774757951734093,30.22584874313853
PAT_2081_4488_57.png,0.796005693440907,24.57875328590077
PAT_931_1763_617.png,1.0781609195395043,35.31652084403182
PAT_246_377_159.png,0.2671249224301649,14.92672681270775
PAT_809_1527_202.png,0.2936872554004565,13.90165050186402
PAT_1918_3836_82.png,0.3687433102710811,16.343834201479073
PAT_1940_3902_876.png,0.1917051670114429,6.781371143313371
PAT_2159_4792_718.png,0.3010827802996969,7.660961695174036
PAT_1734_3240_299.png,0.7436863927601616,35.827365246757914
PAT_1453_1565_529.png,0.4357756513230045,37.54278130888202
PAT_707_1327_245.png,0.5166140429980064,9.096376484685502
PAT_571_1096_10.png,0.1847948681797679,5.103623290564639
PAT_20_30_44.png,0.5320247453366689,12.330806083996409
PAT_2020_4174_799.png,1.9910579666710184,99.99999999992376
PAT_1393_1354_535.png,1.3984610811002902,39.84607292844668
PAT_621_1183_56.png,0.2405545884815552,13.376102980567875
PAT_993_1865_559.png,1.518909410716894,83.37730870640507
PAT_905_1721_327.png,0.1830985915485178,4.507042253501978
PAT_982_1852_526.png,0.7374951324787742,52.01437404051813
PAT_267_1061_152.png,1.3064782680527502,99.99999999983798
PAT_1721_3219_737.png,0.605648396328971,27.528199090873255
PAT_141_209_438.png,0.6531314521591146,52.580867170660014
PAT_545_1030_854.png,0.4736345383960825,23.74458806323597
PAT_270_1384_995.png,2.0000006812157034,100.00002919495176
PAT_734_1390_631.png,0.4428089077727772,23.851435942147454
PAT_392_792_712.png,0.7376775877055333,12.162945781368622
PAT_715_4072_827.png,1.3829610111975152,81.79846958133409
PAT_1118_470_710.png,1.99999999996554,99.999999998277
PAT_1243_836_47.png,1.7092586454280372,70.92584990851995
PAT_497_943_580.png,0.405474417716496,13.571496754480094
PAT_93_142_269.png,0.2775901725082646,4.911061318231049
PAT_263_404_410.png,0.3986391900248131,27.141322394747785
PAT_1132_508_325.png,1.9999999999976128,99.99999999988064
PAT_2106_4590_227.png,0.3725642742629342,22.77420910168147
PAT_215_330_341.png,0.3572522585794266,23.88384856805047
PAT_776_1466_241.png,0.195859636138084,7.770930776019553
PAT_2017_4164_500.png,1.207195334637571,95.82336765041838
PAT_1481_1674_735.png,0.4190463224527269,19.47176746874635
PAT_192_296_824.png,0.3908113563956897,14.30993113300242
PAT_1306_1086_762.png,1.6254123656452195,79.38703841635026
PAT_666_1268_870.png,0.4232698706436872,22.032876235584155
PAT_974_1841_693.png,0.8439400778035744,31.089474928509915
PAT_159_244_102.png,1.641141422273587,73.8145431871063
PAT_1315_1110_317.png,1.5204244031672085,86.10079575507254
PAT_704_1324_359.png,0.8163907906440474,30.556892847083382
PAT_75_114_73.png,0.4970954546463273,17.26364691034747
PAT_838_1586_622.png,0.3433404223746608,21.123695533883268
PAT_165_256_460.png,0.5526286881819612,39.45998198471895
PAT_875_1668_588.png,0.0880892166122755,4.083000700811114
PAT_2152_4781_332.png,0.6533007334932005,32.86063569666398
PAT_1335_1181_21.png,0.3997957786476837,13.438247195514036
PAT_891_1701_36.png,0.5988441136866848,44.834138231196405
PAT_393_793_852.png,0.7314894348000883,54.13159250951335
PAT_432_851_560.png,0.4168078175885117,10.306188925055103
PAT_2013_4148_303.png,0.690121786196383,34.31402505559625
PAT_1505_1733_128.png,1.809704954533728,98.69177955075756
PAT_1652_2915_65.png,0.2793246966407481,9.185767043778643
PAT_26_37_865.png,0.1893671409019746,11.327429058316914
PAT_378_770_302.png,0.5401235741224146,27.222484048943254
PAT_389_2600_833.png,1.3814922478540332,99.9999541229446
PAT_55_84_506.png,0.2174588561391645,12.383869685970968
PAT_747_1408_427.png,0.3501476559206392,17.339670648646354
PAT_580_1104_684.png,0.1993950741752032,7.158288924088126
PAT_457_890_255.png,0.3839446489306865,16.772223872841494
PAT_544_3299_671.png,0.3528018598049425,15.522510800190922
PAT_413_819_268.png,0.4189507481906583,24.783290154484988
PAT_1819_3569_217.png,1.2936792713197751,78.94010488531164
PAT_213_328_117.png,0.5998244921114979,33.23829791532339
PAT_386_784_470.png,0.4908717727104623,20.81667926965363
PAT_235_360_50.png,1.7493637134809594,99.99999999952472
PAT_1334_1178_413.png,0.4636822443077645,21.531530694119382
PAT_1784_3416_507.png,0.5631854176001482,39.57866427608618
PAT_477_915_389.png,0.0965579684039706,3.5576972854505056
PAT_325_1506_999.png,0.6054148119268872,34.00504646044526
PAT_291_446_704.png,0.4443510381495247,22.114564865813342
PAT_587_3431_6.png,1.9627557983682609,98.97753699637188
PAT_1550_1886_849.png,1.7040251572285017,87.40880503123095
PAT_76_1039_269.png,0.8318457817904097,42.81886667707641
PAT_528_993_589.png,1.3475091740786789,34.750917408065014
PAT_741_1401_619.png,0.4886409658562179,24.689122425254727
PAT_1410_1410_46.png,0.7116461025344509,40.51435753779857
PAT_851_1623_815.png,0.8710978854893083,33.531717645674696
PAT_799_1515_723.png,0.659025787953274,24.546322826665428
PAT_115_175_206.png,0.8038437597248863,41.61998132580018
PAT_2018_4167_11.png,1.229391902004212,31.713224164838238
PAT_1989_4061_934.png,1.9999998072493748,99.99999999990362
PAT_27_38_240.png,0.8550149372747549,42.52013787363628
PAT_160_248_254.png,0.3696143571467569,16.69292417284371
PAT_115_176_455.png,1.587508425066024,99.99999999955948
PAT_1414_1432_969.png,1.8043227665604091,80.43227665660602
PAT_263_403_966.png,0.4078288116038481,22.0468549034542
PAT_1414_1429_59.png,0.8152886873418103,33.65454692682324
PAT_122_869_60.png,1.0493827160458546,32.09876543199084
PAT_1063_271_448.png,1.4299065420359185,57.87203450673275
PAT_373_2598_514.png,0.6729486816703684,33.72110415627716
PAT_1174_628_915.png,0.6987822108573367,45.340779115805816
PAT_138_205_296.png,1.5054321698095252,77.79632265025886
PAT_1761_3329_837.png,1.0165034363175256,69.72754704091902
PAT_118_180_386.png,0.4838891199564755,16.800822058555553
PAT_974_1842_574.png,1.2625058971477463,69.42386556884678
PAT_108_162_660.png,0.3798329431118317,21.663608175649408
PAT_468_905_765.png,0.2395829106988802,15.669249807266311
PAT_699_1320_901.png,0.2540974961501473,7.380766553456464
PAT_73_111_435.png,0.250635923976798,12.60200556402444
PAT_253_384_607.png,0.3073397673043365,11.661478930182929
PAT_1801_3459_857.png,0.4235409055556669,13.444276734507335
PAT_674_1277_9.png,1.4042056074702025,99.99999999954188
PAT_229_349_256.png,0.7200309324925687,39.828412345518615
PAT_564_1079_430.png,0.624838046579998,32.04956838664924
PAT_172_266_950.png,0.6337843736305424,34.26451331267052
PAT_479_919_97.png,0.6356986100945922,35.19873201655327
PAT_574_1081_628.png,0.6063236205778513,30.233519321928988
PAT_1708_3155_581.png,1.4615144380847436,71.99340143456553
PAT_1064_272_668.png,0.5702299043426142,31.465010907663377
PAT_1661_2956_357.png,1.3334917428950583,41.47558512514833
PAT_930_1760_560.png,0.867922282013024,43.85923139195057
PAT_306_1646_903.png,1.9999999999833549,99.99999999916774
PAT_963_1820_823.png,0.4892039436152862,16.16556669108474
PAT_1563_2426_436.png,0.4301315613220481,24.23183175524992
PAT_785_1479_108.png,0.2916717999257288,12.83725514351043
PAT_1651_2914_833.png,1.5672385732945924,75.16960897347192
PAT_219_336_376.png,0.2088377961979847,15.54342151205593
PAT_531_3079_652.png,0.3979701572789419,19.548998521293743
PAT_106_158_249.png,0.7851617078443172,40.22135271757618
PAT_1955_3946_319.png,0.9446808510628256,50.80634232275396
PAT_267_411_513.png,0.5306724693252891,28.044752385696288
PAT_1065_276_231.png,1.2651265125966855,99.99999999568584
PAT_433_2650_417.png,0.8111612997208355,21.448346204222563
PAT_1575_2516_23.png,1.3713379793224634,42.05502526664963
PAT_1969_3980_995.png,0.4126702406976261,25.73708227725898
PAT_575_1087_29.png,0.7830023364463562,21.07184579433219
PAT_1390_1346_709.png,1.999999999995048,99.9999999997524
PAT_879_1676_668.png,0.7060065246580463,26.3577048550646
PAT_406_809_581.png,0.7623192756000854,31.7024363399248
PAT_1109_436_141.png,0.3557475969612084,25.62178935747792
PAT_715_1338_761.png,0.35605009509311,18.316742402276613
PAT_1042_187_746.png,1.8518183360628573,99.9999999997782
PAT_600_1141_542.png,0.6142030720115657,46.82824655885516
PAT_514_967_300.png,0.348998525968662,18.277984912843216
PAT_67_104_730.png,0.6702845788034961,43.02977144975092
PAT_1350_1230_878.png,0.2970100864542824,11.88760806912228
PAT_1481_1675_371.png,0.5641425563434941,27.48966700457308
PAT_279_430_356.png,0.6500215550831071,13.670393459574685
PAT_1138_520_154.png,0.3992243640920248,16.847268164683445
PAT_2050_4350_36.png,0.6520261057678919,30.52520588286587
PAT_309_662_76.png,0.5071459857563732,23.942702334394188
PAT_601_1147_943.png,0.763821748071147,27.61147932919422
PAT_191_294_629.png,1.165569393535031,59.85293021858262
PAT_219_337_358.png,0.474160116852984,24.99130555747061
PAT_1070_308_751.png,0.57583887940307,30.868671382257038
PAT_1307_1088_252.png,0.8728771228728484,29.845154845008693
PAT_857_1628_916.png,0.2318555314777023,5.970859175416081
PAT_448_875_81.png,0.6849044585978707,32.91082802543661
PAT_402_803_739.png,0.5262427576802591,28.9668435658852
PAT_940_1774_962.png,0.5121739710486264,23.63418050827407
PAT_2124_4650_575.png,0.3646171192055284,7.238612892050536
PAT_158_243_947.png,0.3800190377599912,12.670503186024169
PAT_277_426_825.png,0.3295131746493969,21.85326672541036
PAT_1591_2648_855.png,0.8309049866595226,45.505848553161066
PAT_2011_4140_988.png,0.6797016097348524,42.37926972896255
PAT_257_395_866.png,0.223469566742523,8.910717417990712
PAT_1392_1352_778.png,0.2630300085038078,12.853845219262295
PAT_802_1516_910.png,1.232971455057804,37.766095139277965
PAT_2119_4625_733.png,1.999999999994806,99.9999999997403
PAT_354_1817_500.png,0.4206077960461737,18.27544799554968
PAT_499_945_878.png,0.4038009745830759,16.936600173157842
PAT_1582_2574_34.png,1.0527960012367117,28.14745392030496
PAT_1790_3425_942.png,0.3378060589287016,15.442430949388775
PAT_788_1503_168.png,0.6442213325757267,32.244058443856794
PAT_109_868_723.png,0.3297641637295699,17.118460287317998
PAT_1712_3173_684.png,0.4252068893574645,17.03794710122316
PAT_847_1610_165.png,0.4833517695397095,23.95197781547938
PAT_330_698_211.png,0.2972203042210553,13.40544554936813
PAT_338_709_306.png,0.2418268440924127,15.163463118022891
PAT_58_91_143.png,0.276190787110743,14.6550879827438
PAT_1403_1392_407.png,1.132078629158278,13.207869283629051
PAT_1913_3816_335.png,1.9999999999788824,99.9999999989441
PAT_1573_2499_849.png,1.5316600290185525,55.59877743810996
PAT_220_1343_489.png,0.959758108848948,8.620120945555907
PAT_282_433_934.png,0.5762974965733293,34.54047282488864
PAT_1884_3730_813.png,1.7155333748800523,71.55333749045164
PAT_988_1858_453.png,0.6857772877605046,17.961311015299973
PAT_63_99_189.png,0.3351356714120551,11.566380607496178
PAT_302_651_529.png,0.1080439373794094,5.006178474577284
PAT_627_1188_755.png,0.3940266282821651,17.54228139612379
PAT_1624_2807_679.png,0.3886142322092811,7.469662921339538
PAT_2125_4653_497.png,0.6178989933213018,37.00578659156217
PAT_487_930_973.png,0.1868477139087917,12.92611468160316
PAT_1057_242_297.png,0.5501511967596959,30.40848751979948
PAT_460_893_883.png,0.9392491088420328,33.00037462114732
PAT_10_18_830.png,0.3448205959848447,18.52827893769242
PAT_1614_2747_533.png,0.3010896923056409,14.366166229080484
PAT_923_1753_706.png,1.467821782160408,46.78217821725415
PAT_1546_1871_376.png,0.5328634558359402,33.93746154269
PAT_759_1433_973.png,0.7116540242313163,46.803270613551824
PAT_1190_700_663.png,1.504368273712218,82.27253052450435
PAT_837_1582_714.png,0.3562132537226981,20.475158118732384
PAT_1903_3791_14.png,0.2931137981295347,15.187376725787187
PAT_1571_2484_488.png,0.3604359673252082,22.29936924072025
PAT_61_299_74.png,0.5856137039977524,16.12107135075617
PAT_767_1501_691.png,0.2487044824034729,11.109172439055088
PAT_1805_3477_772.png,1.288925722571984,67.6577229876035
PAT_914_1732_136.png,0.2296119957736643,9.034565896688996
PAT_827_1599_248.png,0.2131231429514001,10.901287553644542
PAT_1330_1172_722.png,0.2993280390941145,19.303604153824523
PAT_792_4351_858.png,0.3099991715677178,23.386629111054717
PAT_369_755_391.png,0.8665638296617668,39.32422643117692
PAT_2025_4229_541.png,1.69492769580368,91.719885487514
PAT_726_1371_543.png,0.3619384962160638,26.92688087952122
PAT_691_3994_671.png,0.1707524787561347,9.625945414660956
PAT_39_55_233.png,0.5629487916076238,43.75084967435141
PAT_665_1262_774.png,0.7892496636886799,35.32143426480153
PAT_756_1496_480.png,0.810468552118285,44.1114394251879
PAT_939_1791_329.png,1.168602785442339,37.98215775619378
PAT_545_1029_650.png,0.6072125550056942,26.2330094235492
PAT_2097_4557_241.png,0.2397919375804591,10.15171218028625
PAT_387_1614_866.png,1.3091719400597557,38.75677159308628
PAT_1584_2610_223.png,1.5410340188339968,99.99999999991624
PAT_2042_4301_636.png,0.5456685211221282,27.44085101178278
PAT_749_1415_164.png,0.4085295127273053,16.236963584399938
PAT_286_1459_926.png,0.2881355932167924,15.065913370812677
PAT_1529_1798_206.png,1.1273310889690946,65.64276791202221
PAT_2034_4266_880.png,0.5400063755168858,21.219849112696203
PAT_975_4734_783.png,1.2376969803658535,33.25997006773025
PAT_789_1483_793.png,0.3170712484232175,9.040037831007467
PAT_214_329_70.png,0.3831611781759727,19.819142921915677
PAT_34_47_108.png,0.745366410028734,36.41288850828972
PAT_1102_408_613.png,1.9999999999264932,99.99999999632468
PAT_153_233_45.png,0.6290596557050765,24.24511320130439
PAT_168_261_38.png,0.58654459225992,28.13896312394008
PAT_419_832_706.png,0.6416029425875234,24.932511830165502
PAT_2048_4333_63.png,0.3571538339473334,21.872177404097627
PAT_894_1679_640.png,0.2445322205631109,12.003186346599112
PAT_2003_4107_766.png,1.9999999999953284,99.99999999976642
PAT_746_1407_708.png,0.3353378320694577,18.8165500641242
PAT_447_873_329.png,0.5104974038671074,8.774174128965909
PAT_1431_1495_511.png,0.7644704992523268,27.631024423415568
PAT_1926_3871_371.png,1.51085343179854,74.37208773718763
PAT_522_986_305.png,0.1409602845284215,7.634854771766484
PAT_1545_1867_547.png,0.4556754311209065,14.735993513262708
PAT_1284_995_150.png,1.3231074554027875,74.31430750275761
PAT_1509_1741_810.png,0.4268786495119162,20.56411917532788
PAT_1202_722_827.png,0.3724184037291563,19.449254725858648
PAT_453_883_719.png,0.3191473940925779,15.465229835770804
PAT_762_1436_414.png,0.532538955086119,21.127406049457907
PAT_637_1434_570.png,0.2584322106760475,15.125162748407076
PAT_650_1241_329.png,0.8485523385238907,42.01930215262661
PAT_920_1748_942.png,1.0692843296895411,66.54319971970467
PAT_338_707_774.png,0.5376724442797718,25.787053413154844
PAT_1844_3618_373.png,0.3454138702452192,29.06359859372709
PAT_535_1011_567.png,0.4260592816558838,21.313316814575607
PAT_983_1854_274.png,0.7048728164922653,37.89360862843109
PAT_212_327_532.png,0.2313771182164126,8.408945973551365
PAT_541_3303_228.png,1.1086907603729943,49.94130137524221
PAT_1583_2607_628.png,0.2861013435578043,10.07851123406993
PAT_2122_4642_680.png,0.9160369437436752,42.78517452315947
PAT_2065_4412_407.png,0.288307881367789,17.226677865335166
PAT_745_1406_409.png,0.7504669194618016,41.67185466061271
PAT_2113_4607_329.png,1.4163635304043605,79.50128809293594
PAT_121_184_502.png,0.1411329669762449,8.818242514490997
PAT_1547_4231_928.png,1.9999999999862448,99.99999999931224
PAT_1022_115_132.png,1.3903723204160845,40.05265137254882
PAT_431_850_472.png,1.1268965517165186,23.275862068808134
PAT_1526_1792_482.png,0.440083553209886,17.084432717665823
PAT_570_1085_429.png,0.3353783661203804,12.86266195904942
PAT_104_1754_276.png,0.4243080239700952,34.81275089794155
PAT_463_897_440.png,0.3053068439455102,13.795488606222554
PAT_1063_270_593.png,1.634247714030455,63.42477140413211
PAT_1329_1168_620.png,0.620118512170749,24.123652459417
PAT_1000_31_620.png,1.668894475441001,78.30032497384664
PAT_1427_1485_15.png,1.206783011066603,61.37354315198633
PAT_1588_2629_296.png,0.3599320882792381,14.855687605864782
PAT_286_1458_381.png,0.7938421789196292,55.79717945945807
PAT_365_751_709.png,0.1527225077239277,7.78680923014919
PAT_753_1428_451.png,1.999999999729547,99.99999998647736
PAT_359_4450_86.png,0.8742537691948431,31.18896780758429
PAT_796_1510_130.png,1.4847454195245593,68.46499928407606
PAT_625_1184_994.png,0.2592628422162941,7.574731546841729
PAT_528_3072_615.png,1.356505293243947,35.65054015966076
PAT_108_161_423.png,0.2677432746595379,8.524576552638932
PAT_705_1326_82.png,0.2561507590280849,5.601116733516026
PAT_155_238_413.png,0.7051140949425745,39.14447134774854
PAT_851_4520_743.png,1.372469051884615,69.28464026029954
PAT_1770_3344_274.png,0.6702624729522317,33.04274201131124
PAT_821_1547_77.png,0.3160776402638722,16.797530943850784
PAT_503_949_409.png,0.2863322185058812,14.256410256397787
PAT_824_1560_801.png,0.6156882722426428,28.10713482183357
PAT_312_668_480.png,0.4317506695876829,21.743364986566707
PAT_1075_324_177.png,0.938973647698744,46.87933425733758
PAT_1370_1273_41.png,0.6454060347420162,21.08514687508992
PAT_306_658_825.png,0.3703339882086142,22.5933202355388
PAT_264_405_118.png,0.2877898596813246,10.09597245173858
PAT_251_382_164.png,0.4924130417858801,23.149949420243257
PAT_359_740_46.png,0.5950913241995812,39.280821917720296
PAT_937_1768_126.png,1.196342134566004,40.08686542405199
PAT_159_246_630.png,0.4162158552049474,20.136245241381843
PAT_359_1596_68.png,0.6029786883893089,35.74261499215993
PAT_778_1471_835.png,1.9999999999379008,99.99999999689504
PAT_1521_1778_763.png,0.3993440432443187,9.113547329096582
PAT_281_432_813.png,0.6067382123608135,21.794183784766066
PAT_359_741_973.png,0.5702419532447421,33.159236069556044
PAT_758_1441_891.png,0.5905523111360542,24.84370130374916
PAT_887_1688_436.png,0.5654339911853429,32.35613463622441
PAT_1331_1173_380.png,0.5041897400883166,30.86510355862725
PAT_549_1043_676.png,0.7525513196476612,27.782991202330063
PAT_212_326_597.png,0.6534233912318024,30.769019350771156
PAT_1708_3153_799.png,1.6691970180305638,83.16642809142742
PAT_101_1041_651.png,0.612628290566034,29.05025772575603
PAT_63_98_187.png,0.3171683728012691,11.369397054705203
PAT_1707_3148_835.png,0.5995804462524355,15.008581781191689
PAT_1066_281_698.png,1.227045409077003,22.70454090809258
PAT_691_1312_389.png,0.3279849149758334,21.407492804250296
PAT_558_1072_486.png,0.3246108540165983,17.526293647396944
PAT_1393_1355_270.png,0.437873337089391,8.493043279729756
PAT_276_425_539.png,0.4277755612554602,3.7606774401526057
PAT_115_177_575.png,0.3055109398957794,15.124840762030416
PAT_397_797_742.png,0.3785203174131236,30.20870905912495
PAT_198_853_778.png,0.6233832107525447,21.9545185560667
PAT_452_882_896.png,0.3940229909260714,19.420976173006014
PAT_1653_2916_346.png,0.505870756385066,25.41965036382749
PAT_50_76_296.png,0.6414268464476611,38.63453411147219
PAT_800_1514_512.png,0.5611972207367893,36.26224835198924
PAT_2076_4459_450.png,0.316294696858237,11.844829378801563
PAT_2079_4480_586.png,0.9093478098190416,39.29611604939456
PAT_739_1398_331.png,0.6429970523335169,42.27573870044566
PAT_1944_3921_281.png,0.2601456766937199,10.43061249915441
PAT_1995_4080_695.png,1.9416818388690216,94.16818388701374
PAT_616_1169_3.png,0.6561873026391645,20.054432212690617
PAT_241_367_89.png,0.9449045273627596,52.722413293569616
PAT_1786_3420_346.png,0.8498349834977648,61.459869391152125
PAT_535_1010_303.png,0.3426036682612282,9.519537480054492
PAT_1976_4000_701.png,1.28909395973013,57.62304250552964
PAT_1922_3848_451.png,0.1834070920392587,2.728138479631002
PAT_958_1812_62.png,0.5237211002074518,13.067798597044051
PAT_1818_3570_577.png,1.9999999999953708,99.99999999976852
PAT_1807_3481_801.png,1.9999999999949551,99.99999999974776
PAT_364_748_278.png,0.6432648051534073,31.07088063815781
PAT_1554_2392_767.png,0.656139028878694,34.43392241270646
PAT_68_105_871.png,0.3577570546199823,18.706552016453102
PAT_1699_3126_673.png,0.4183845893873827,26.38278697752424
PAT_1626_2811_850.png,0.6538174583426328,29.735555002853104
PAT_41_57_2.png,0.4084168192750904,20.2448920966499
PAT_945_1796_583.png,0.4378858886789479,21.32627572921816
PAT_573_1090_660.png,1.1422783603422944,75.08738481087256
PAT_333_702_840.png,0.4056259945579844,30.18838868635164
PAT_703_1329_112.png,0.4314938974643321,16.200796310616592
PAT_557_1058_309.png,0.3807609248754605,26.52366487532222
PAT_319_680_832.png,0.4108242204034141,18.679932584658022
PAT_2006_4123_719.png,0.4575913759671128,37.5951397667385
PAT_2046_4323_394.png,1.7568564403220686,87.13826366543329
PAT_361_743_82.png,0.8674825533153945,60.0551989802826
PAT_379_1531_17.png,0.6990593209621291,45.55703015483744
PAT_260_400_842.png,0.4957349081358451,17.54593175850761
PAT_205_311_255.png,1.1493276715887673,50.60155696957936
PAT_815_1534_411.png,0.2720054822809211,14.497514420181036
PAT_950_1804_64.png,0.650180939002124,53.49979118632056
PAT_458_891_709.png,0.7154537390561136,48.729222106484805
PAT_535_1012_145.png,0.5719181393891473,28.435668406004883
PAT_220_338_339.png,0.3053327085034154,16.728278232848382
PAT_2140_4726_141.png,0.5934873949573398,22.46793454221359
PAT_967_1827_247.png,1.831739961690408,99.99999999625088
PAT_1735_3241_207.png,0.3305812058656728,9.277566539904193
PAT_989_1861_156.png,1.6754148260861317,71.89947659516613
PAT_259_399_801.png,1.1905915806969314,47.53628604794004
PAT_1694_3110_213.png,0.7308418270937485,46.24386560897943
PAT_303_652_342.png,0.3315081074897397,16.057624825326563
PAT_1246_846_899.png,1.999999689879136,99.99999999994832
PAT_669_1265_76.png,0.5496009764719821,15.931546081670964
PAT_1861_3648_959.png,0.3384077327027703,15.48908196086849
PAT_1186_681_457.png,0.4337846974760702,14.423551340376704
PAT_1998_4095_438.png,1.2944826057998269,94.32749833772444
PAT_882_1678_192.png,0.2918833648241355,15.460907927687323
PAT_1420_1461_93.png,0.3239802268923964,16.668444823761384
PAT_1220_765_464.png,0.7977612086995749,32.87747587463384
PAT_1726_3228_674.png,0.8253453674697968,35.538773254691705
PAT_986_1855_702.png,0.6471044951938988,28.518647425756765
PAT_489_932_138.png,0.3857754519501634,18.501427212161616
PAT_614_1166_885.png,0.6107125070015672,29.362875997024894
PAT_455_885_115.png,0.1330634533653897,6.788044015418027
PAT_368_1652_525.png,0.5211866263524727,14.718899259441365
PAT_641_3704_317.png,0.2981923821816755,11.510652033555475
PAT_1586_2624_615.png,0.4825411654771782,24.39565572802094
PAT_1492_1705_578.png,1.3932523454397812,79.94948280000193
PAT_794_1507_723.png,0.7296801324424504,14.995008669145852
PAT_70_107_591.png,0.5819538048797472,31.20460642535996
PAT_904_1736_851.png,0.5322662855431783,39.327646796048654
PAT_658_1266_149.png,1.979172270680644,99.99999999984932
PAT_1286_999_824.png,0.3830926152589554,7.544675642592445
PAT_1397_1361_183.png,0.3157124092886119,16.36887277553053
PAT_577_1107_61.png,0.610493877218073,20.136241991664125
PAT_104_1756_151.png,0.4291354843955238,11.466760026472516
PAT_15_3138_959.png,1.7659514150792757,92.33557278985498
PAT_1787_3421_516.png,0.289968738002211,12.795480721754462
PAT_437_857_425.png,0.4132525712249953,8.842318132962818
PAT_49_75_326.png,0.56442158152856,34.4030386409656
PAT_270_416_398.png,0.5180084498489691,8.820989239272054
PAT_618_1174_596.png,0.5770035048445995,51.71855211613071
PAT_858_1631_427.png,1.1992140041549744,59.76610176264043
PAT_378_769_36.png,1.194720734504711,55.21805661812681
PAT_1673_3011_440.png,1.521828920451774,79.0973275340889
PAT_138_206_507.png,0.9165397902634924,34.49992231273683
PAT_40_1026_312.png,0.4091795967652098,14.930781380601548
PAT_1620_2779_319.png,1.108450704215148,10.845070422435375
PAT_300_1689_862.png,1.0267141584860806,15.672306322077205
PAT_184_284_721.png,0.5313180826360182,28.1998874021843
PAT_768_1449_842.png,0.2869831809973566,14.678662502490598
PAT_791_1487_906.png,0.3855782631609341,7.574986593091472
PAT_1347_1226_928.png,1.8785753466522448,99.99999999993835
PAT_983_1853_985.png,0.3609860835016027,19.206834289383437
PAT_128_194_144.png,0.3895863346351844,22.65898332981184
PAT_639_3676_760.png,1.9999999999877929,99.99999999938964
PAT_934_1777_423.png,0.5470701609006857,23.343080640693863
PAT_622_1185_922.png,1.0620051163306556,63.06492873645107
PAT_2142_4733_13.png,1.0908539972707048,38.932377152591954
PAT_655_1245_807.png,0.4294982343749,15.496427691499736
PAT_978_1844_599.png,0.6992694200048573,36.663187714113946
PAT_890_1694_29.png,0.5558142064609638,20.739693244842524
PAT_814_1532_545.png,1.198092434866187,61.73897195726054
PAT_176_273_423.png,0.3130344240051071,13.110150506412865
PAT_951_1836_991.png,0.2334312561199834,8.594287142939413
PAT_817_1537_643.png,1.0264545145554704,33.67123660546513
PAT_714_1337_709.png,1.0060417623559534,38.84040561065883
PAT_727_1373_718.png,0.7715055182959152,38.43797856041045
PAT_1881_3713_718.png,1.9999999999771003,99.99999999885502
PAT_381_775_566.png,0.4965918152115782,8.372559611072656
PAT_1468_1622_219.png,1.1105472214313743,85.88955792752917
PAT_1286_1000_517.png,0.5258779429379388,25.35896209053487
PAT_419_2768_910.png,0.2037309206287379,10.332234014889927
PAT_1563_2425_443.png,0.5636077608798059,16.119559517533713
PAT_370_2558_175.png,0.5121001409118013,39.76248732712812
PAT_230_350_872.png,0.5822321092964047,33.86825041595296
PAT_115_1138_870.png,0.7325153374174384,30.26584867051392
PAT_997_14_40.png,1.999999999996635,99.99999999983174
PAT_1371_1276_145.png,1.0660610847148344,99.99999385812298
PAT_430_847_315.png,0.4563201451643704,16.141189696062668
PAT_1153_555_98.png,0.3472536959087495,21.48483867477689
PAT_1449_1554_932.png,0.8470830982305068,23.459613927831228
PAT_710_1330_243.png,0.2095106293004184,5.577980240640498
PAT_831_1570_991.png,0.1455053143998481,6.797892444331747
PAT_1918_3837_15.png,0.7410299963014346,27.708999937952427
PAT_2116_4614_671.png,0.7626312112046684,20.68307573746232
PAT_271_418_92.png,0.3673342000112409,17.797684343893007
PAT_468_4775_268.png,1.126870590531841,42.211263823410015
PAT_636_1204_521.png,1.030635118304338,75.97011207955272
PAT_2088_4524_465.png,0.9625482145032044,55.92882916483845
PAT_1264_907_674.png,0.9247013334646244,42.48252614877148
PAT_363_745_516.png,0.4820299129385443,24.30984448240544
PAT_287_440_729.png,0.456380900166761,25.54238845019721
PAT_645_1223_124.png,0.9489944176791844,45.34296857073912
PAT_1472_1639_87.png,1.8274849713373569,82.7484971339184
PAT_886_4635_304.png,0.572283241687076,32.373625128457675
PAT_1555_2396_71.png,0.5667283056488135,32.70925991849433
PAT_652_1231_516.png,0.6177015478381508,35.01464172584874
PAT_1875_3689_646.png,0.4245804603287936,19.81888438573869
PAT_56_88_274.png,0.2811157631448667,15.110651949314985
PAT_567_1078_978.png,0.1816462833805714,10.151991886830311
PAT_1914_3822_863.png,0.5042340261663688,16.70515781345069
PAT_891_1700_180.png,1.3743380855177616,48.51323828843076
PAT_1245_844_471.png,0.7537272225249092,33.95913859727613
PAT_323_687_169.png,0.6382301587365988,20.44956844046059
PAT_882_1677_789.png,0.6276803118904246,17.678295355234702
PAT_715_1339_508.png,0.1527083945537272,4.936820452538714
PAT_408_811_808.png,0.1261115602259098,4.805533099776479
PAT_1469_1627_109.png,0.8164918094377096,37.79274357301674
PAT_846_4421_153.png,1.999999999994257,99.99999999971286
PAT_377_768_643.png,0.3695104457595931,8.263897282036943
PAT_464_900_548.png,0.2526854756755199,12.690248414463609
PAT_805_1517_154.png,1.2433075549977648,24.33075550210937
PAT_875_1669_946.png,0.6176229508192586,44.79508196718312
PAT_708_1333_222.png,0.7735457301815172,46.83830052956518
PAT_926_1758_714.png,0.838027984847687,40.64892655888629
PAT_1803_3463_639.png,0.5876777215576255,24.957609616449407
PAT_492_937_958.png,0.2412853694159132,9.83242433076262
PAT_43_1017_483.png,0.5037103849772558,24.365544668076115
PAT_1596_2664_323.png,1.0290560967382971,68.32381592184419
PAT_1871_3666_675.png,0.2432616699236607,12.403981637176202
PAT_621_3592_955.png,0.29178164916536,14.329265060213809
PAT_294_638_564.png,0.5232849654318528,24.971511053636764
PAT_167_258_711.png,1.2161246976593556,40.413867239904064
PAT_1600_2685_445.png,0.4610213216608659,22.923754245365345
PAT_1942_3917_379.png,0.2393376628305273,12.346663628404384
PAT_2016_4156_941.png,0.2707606119368537,13.462615815545616
PAT_273_421_905.png,0.6723666550665424,29.78078242276841
PAT_527_1359_165.png,0.3908796421799883,28.354146952232064
PAT_131_197_974.png,0.3181573756212869,20.895239441954924
PAT_300_647_501.png,0.9275750275120256,52.9222807173779
PAT_713_1336_159.png,0.2990474151768241,10.933319062388184
PAT_514_968_269.png,0.7239211017936891,50.76276847077212
PAT_1767_3340_959.png,1.191156861834708,23.257960944844875
PAT_998_17_641.png,0.844896373970514,38.91183843514014
PAT_223_341_187.png,1.0531400966002198,17.523056653189645
PAT_482_2928_201.png,0.2435006225673247,12.63099458698922
PAT_1129_498_930.png,0.3854100168299125,24.542974870858306
PAT_1983_4032_502.png,1.4422920691716086,73.98239250646165
PAT_361_1568_456.png,0.6605259968482389,57.48878923761352
PAT_1648_2904_523.png,0.2203232677607157,12.21150231799326
PAT_1832_3597_594.png,0.2157351589325851,8.12100703946974
PAT_795_1508_925.png,1.4032983508163372,40.329835082221656
PAT_1821_3575_920.png,0.8027094571512148,52.31064432169576
PAT_655_926_447.png,1.3960181094577728,66.3774207874501
PAT_2150_4766_754.png,1.9999999999852849,99.99999999926423
PAT_238_364_387.png,0.3220294390654566,12.859380272562037
PAT_380_1540_959.png,0.7094169570135782,32.62147377707473
