img_id,compactness,Convexity,Solidity
PAT_880_1673_410.png,0.7993820419063189,1.063371586397449,0.9528626340279184
PAT_236_1071_810.png,0.7326295014210809,1.1026748304124034,0.960370263234018
PAT_1636_2869_595.png,0.7104217119409953,1.113664267135568,0.942201212439542
PAT_724_1369_896.png,0.6450320940157523,1.0,0.5039064876374223
PAT_679_1286_677.png,0.7818423259869625,1.0688006151717506,0.9485385960529604
PAT_1401_1374_593.png,0.8271130226637455,1.0495126028685555,0.9886414519836412
PAT_237_362_909.png,0.791905504544048,1.0695783558077685,0.9512254307206988
PAT_801_1518_78.png,0.6492358902528407,1.140151315623341,0.9482642520452168
PAT_833_1571_134.png,0.8581150806967343,1.0549138577029358,0.9039252503576538
PAT_2090_4532_178.png,0.6421168744478606,1.0709349847149368,0.9733178786122568
PAT_242_368_261.png,0.8828968207548955,1.0522707062558083,0.9888528692487062
PAT_1755_3309_828.png,0.7656361719294257,1.0949381969934595,0.960518401049926
PAT_1554_4170_992.png,0.9001969644443163,1.0427328649442025,0.9910976325572296
PAT_797_1511_805.png,0.3808652564485966,1.285964830768563,0.7509223159732324
PAT_217_1290_283.png,0.8110688165668685,1.067141326712065,0.9728140446565536
PAT_319_679_533.png,0.7557714999101162,1.065618304547702,0.971012327231976
PAT_1381_1314_517.png,0.8075311741125585,1.0555295192803889,0.980355819125278
PAT_156_241_538.png,0.5827610950922844,1.0742439478512282,0.951614441948605
PAT_742_1470_425.png,0.5180404950842927,1.1906985661781178,0.8757406069364162
PAT_849_1612_143.png,0.5720433679237377,1.1216457448695696,0.9204885642438032
PAT_738_1552_843.png,0.0898507130048541,1.9138173926391948,0.3666230775871463
PAT_2093_4542_192.png,0.4484904527007313,1.1061925203533414,0.849884722556189
PAT_1818_3568_132.png,0.6843533491797057,1.0687356103435448,0.9713311906927024
PAT_963_1819_298.png,0.7930015887352021,1.0925781020946777,0.9843448105028486
PAT_398_799_163.png,0.6992929470394836,1.064817898116666,0.9616035333297716
PAT_985_1856_397.png,0.3715847906719634,1.0657083662959863,0.5737974768940161
PAT_196_300_749.png,0.8179056265803392,1.0640335891635078,0.9829379696478562
PAT_2022_4184_111.png,0.6411863034334933,1.0830079583731178,0.9288369141510288
PAT_1061_254_813.png,0.8116861168064022,1.0571594757321578,0.9765431702066129
PAT_531_1004_189.png,0.8370107416647968,1.070513042158774,0.968543046357616
PAT_1837_3608_851.png,0.8635946277813452,1.0553794492870503,0.9915675181336464
PAT_400_801_376.png,0.3183365701149432,1.0,0.3469213701289696
PAT_935_1786_482.png,0.6980576699392522,1.08742446489655,0.9262998744330266
PAT_330_1440_532.png,0.8839077082742429,1.04976239076624,0.9910105699891336
PAT_1393_1356_371.png,0.5423576405114774,1.1894332241133725,0.8412951327300604
PAT_416_826_123.png,0.5800512701104024,1.092632578163396,0.8899525785417901
PAT_860_1641_440.png,0.7623758331598655,1.0743958925973949,0.9522013490969754
PAT_112_171_863.png,0.8250741321158532,1.0601915080196471,0.980798364575538
PAT_761_1435_561.png,0.3906273156889093,1.099480955539606,0.6073826566162032
PAT_201_306_781.png,0.7949442827198504,1.068952743769507,0.976677621117354
PAT_2092_4537_438.png,0.8109395146315899,1.0811934807511745,0.97106552357624
PAT_1566_2435_150.png,0.7584065407239179,1.083161637775783,0.9433069581531937
PAT_1070_304_845.png,0.02932343121969,3.3981629396338944,0.3965073883934721
PAT_912_1729_244.png,0.7608656394253182,1.0481606583537726,0.9861364712247244
PAT_193_297_295.png,0.5654052238385954,1.123775301332098,0.9115415191154153
PAT_1701_3136_33.png,0.6728659323403033,1.1016852008668,0.9162257638395676
PAT_343_717_927.png,0.5834679293551698,1.1327213414034751,0.9184682001835068
PAT_954_1808_415.png,0.3805923581169579,1.2558740128395387,0.6657235555652659
PAT_493_3016_512.png,0.8166467663290291,1.0532182154158742,0.984136668700427
PAT_619_1175_767.png,0.821844124532299,1.066846451644937,0.9876117243333012
PAT_336_705_711.png,0.804385921905564,1.0454861148413048,0.9826386588032602
PAT_1572_2494_224.png,0.5926420621644752,1.142726976782029,0.8582446658785116
PAT_2021_4180_381.png,0.1650795972855134,1.345680339288505,0.3812312305027678
PAT_1276_957_406.png,0.8396844945215627,1.054637010202896,0.9829278894434702
PAT_1708_3157_518.png,0.1539067147730934,1.3610960193083794,0.4082270103007648
PAT_1980_4018_929.png,0.6827772340223793,1.0502619676818918,0.9646897370275584
PAT_1249_862_658.png,0.8606541710702995,1.0442810451916558,0.988599792723504
PAT_340_714_68.png,0.6774617178965837,1.14402049263239,0.9246070410883354
PAT_155_240_211.png,0.5853230856209406,1.2001301427805018,0.9004572634540978
PAT_377_1580_534.png,0.3045059525179106,1.0,0.4079550136946457
PAT_626_1186_898.png,0.800256215246188,1.0736959628785805,0.9786689093619788
PAT_666_1271_645.png,0.8025638580520471,1.0735397836549443,0.9693404188809004
PAT_267_412_275.png,0.5436618449178394,1.2347080155245054,0.9076157045615654
PAT_1257_887_828.png,0.6674215446429335,1.0871596343547107,0.9811808424244404
PAT_1981_4023_673.png,0.4591706660388185,1.296975227395926,0.8981773202592356
PAT_86_131_107.png,0.544825226723573,1.1023902288737026,0.7971440044170055
PAT_650_3858_329.png,0.8920814152329286,1.047031823623481,0.9924746189420682
PAT_403_804_994.png,0.8122021468147456,1.059492390578145,0.9862383199185863
PAT_964_1821_83.png,0.5431245577608114,1.157595297918743,0.8578737919272313
PAT_1243_837_806.png,0.781234969991617,1.06863552575364,0.9529686595551146
PAT_931_1762_69.png,0.5686173595618396,1.1852898508174186,0.9421942400405988
PAT_86_1109_306.png,0.7254025405501884,1.066174911828395,0.9615946261682244
PAT_313_669_908.png,0.8063775860845421,1.0582591630099072,0.9861305323404116
PAT_846_1607_895.png,0.6701706795786171,1.1047306378537112,0.9139145777414194
PAT_180_279_377.png,0.8892426918567071,1.0533083994007149,0.9928826580983324
PAT_803_1522_907.png,0.8409146243870941,1.0580649030854927,0.9892455910123868
PAT_2089_4529_762.png,0.7254864507533048,1.123242765288996,0.970053176602295
PAT_1497_1712_633.png,0.7512994076077653,1.0927508395621282,0.977827771967906
PAT_1349_1229_828.png,0.8589627320230548,1.052433067273081,0.9761518749019402
PAT_621_3591_171.png,0.885506911622337,1.0494372277931996,0.9925432037221668
PAT_992_1864_653.png,0.8998520584710666,1.04810523615661,0.988745574102175
PAT_868_1657_698.png,0.9097897133150455,1.03041784656112,0.9378531073446328
PAT_1267_912_371.png,0.8464596431031602,1.0578940975191689,0.9894347492474472
PAT_532_3216_633.png,0.8824197068210048,1.0529560108656937,0.995140511502813
PAT_899_1702_32.png,0.4750999139924848,1.048229880721953,0.6861486209225836
PAT_701_1321_156.png,0.7912923170668399,1.0738976162722682,0.9770163864652054
PAT_230_1008_673.png,0.794487047882352,1.06924841999696,0.9688576546782416
PAT_1365_1253_912.png,0.8259594870340042,1.0511636031257017,0.99384031756585
PAT_886_1684_297.png,0.7925395604718739,1.1068753357221173,0.9914678865773516
PAT_1671_3008_622.png,0.4668483034914726,1.2937246571954812,0.837971200258149
PAT_955_1810_892.png,0.861409141722344,1.0417179456215104,0.965665873959572
PAT_630_1196_710.png,0.6303440124902386,1.1475112550321,0.8951983826130907
PAT_1557_2399_681.png,0.5718279507810569,1.1229694411971218,0.9282270762205184
PAT_1730_3236_7.png,0.6611519843104304,1.146785609805918,0.943123284291046
PAT_722_1376_280.png,0.7753680086936581,1.0871298942482115,0.9714092399507296
PAT_135_202_105.png,0.4521031750886398,1.2498572662088203,0.8174799258801729
PAT_386_785_536.png,0.7708613897589195,1.1028635712901291,0.9742299585231522
PAT_1222_767_519.png,0.7076686443508532,1.060587243881338,0.9378214342756748
PAT_1928_3876_437.png,0.6730947259040873,1.1277014486250694,0.9372702735585666
PAT_522_3174_761.png,0.1109122598710931,1.137333010642036,0.1699211163417917
PAT_334_703_907.png,0.8197347720284008,1.0719930324647475,0.966960654389252
PAT_528_992_124.png,0.8750197053310431,1.046956749044536,0.9928244835296868
PAT_2077_4463_77.png,0.8895648839910897,1.052585933218852,0.9643254699325786
PAT_1892_3760_713.png,0.3491893444877387,1.355611507827456,0.7429419214917167
PAT_228_348_535.png,0.3203373113323492,1.0,0.3606806319579231
PAT_1088_373_781.png,0.1827034571993818,1.1531986080856849,0.3711362412493268
PAT_2066_4417_201.png,0.8121438036300312,1.0639423756952349,0.9844972042711072
PAT_856_1626_523.png,0.710054254422464,1.1009645498757543,0.9383963087666792
PAT_900_1711_622.png,0.8456256319672919,1.039856522001791,0.974152785755313
PAT_809_1528_118.png,0.8730376283229582,1.0569223754376729,0.9765037593984962
PAT_632_3700_890.png,0.7851172787862175,1.1096792639335076,0.9905272222753804
PAT_949_1802_582.png,0.867534293212774,1.0440529940274692,0.9847159994218818
PAT_2160_4814_243.png,0.0816197730315103,1.8818903462113623,0.3490710903977393
PAT_1811_3487_560.png,0.7296074112764972,1.0790812056992152,0.9281108005558764
PAT_1036_169_687.png,0.2903378969413185,1.0,0.2123830792633589
PAT_1498_1715_345.png,0.5816593878787134,1.0980814556103906,0.8344097735584779
PAT_1170_609_378.png,0.2991034210396651,1.180501255854313,0.4973745515414181
PAT_268_413_643.png,0.7876876594433077,1.0790081656743828,0.965186969846392
PAT_475_913_874.png,0.7954208739500637,1.066793646912788,0.9628125667877752
PAT_526_3205_611.png,0.8363992179595354,1.0633369523258402,0.9906157926388702
PAT_252_383_31.png,0.7196409519277769,1.0830456697034718,0.9780924614743856
PAT_35_48_43.png,0.8115041248202712,1.0618926777024815,0.9739816665517954
PAT_1013_82_876.png,0.790352822642585,1.1043153023315442,0.9916616146055914
PAT_85_129_225.png,0.8476205771905075,1.043882729702893,0.9716905901116428
PAT_593_1127_823.png,0.7403656141505128,1.0575148270700678,0.9672948281425332
PAT_720_1362_700.png,0.8128847334868238,1.0730853939698548,0.9884141750261106
PAT_442_863_795.png,0.8480710715350096,1.0648868250915355,0.9873737373737372
PAT_1370_1274_515.png,0.8372659356988005,1.0739808989291788,0.996318260902101
PAT_211_319_777.png,0.8195616697562981,1.0676778306934371,0.9644011888043372
PAT_999_20_223.png,0.7360542944329495,1.0613527352251375,0.9502332814930016
PAT_1074_322_662.png,0.3098641734836319,1.0,0.2549842148510141
PAT_1780_3381_999.png,0.8676932079594302,1.0548124345426848,0.9846127688514834
PAT_217_333_61.png,0.8945074823458701,1.0473391910402416,0.9950804292611491
PAT_316_1457_353.png,0.6653610238917795,1.1486552789435864,0.930862062483552
PAT_973_1839_34.png,0.4236341293836307,1.1031870126405725,0.7577817531305904
PAT_757_4220_942.png,0.1886598199635092,1.515025095864906,0.6290854160944795
PAT_1340_1208_931.png,0.7148772968358631,1.0,0.2652280515183741
PAT_760_1456_878.png,0.8320872487505269,1.0663101460801525,0.9804200132221176
PAT_2061_4395_587.png,0.7593591479660078,1.0617194391780396,0.980748720494228
PAT_177_274_865.png,0.7036262872603922,1.0,0.4088613541605496
PAT_1468_3656_337.png,0.8024304811435664,1.0807444850887946,0.9687354988399072
PAT_491_934_46.png,0.8032478113621427,1.094262829997677,0.990189190545491
PAT_609_1159_932.png,0.6373017996648698,1.1882642211171557,0.986145630718248
PAT_132_198_114.png,0.6368070678770793,1.0,0.6239704719219615
PAT_517_971_88.png,0.7364564381621304,1.0703449213545448,0.9284204649678988
PAT_1171_615_468.png,0.1385026528469484,1.2935598808838755,0.3141949592562276
PAT_330_1438_323.png,0.4074217580507303,1.2851489773936964,0.8522645578720345
PAT_36_50_14.png,0.6258963883932088,1.105594094182079,0.9103270030340488
PAT_123_186_718.png,0.8764717112798373,1.0456619168561336,0.9971084678983972
PAT_113_172_610.png,0.8053052137480827,1.0,0.7956194214501315
PAT_1316_1114_517.png,0.7383652590515049,1.0558602605156564,0.957089552238806
PAT_240_366_768.png,0.8276063743912291,1.0,0.3739242935225026
PAT_628_1191_564.png,0.8673606576051217,1.054349909302962,0.9888636148232396
PAT_526_991_109.png,0.8307505599198204,1.0552011240869636,0.9886742925675752
PAT_1680_3038_587.png,0.8545469590564008,1.0602325425377652,0.9812472743131267
PAT_684_1302_588.png,0.8242046333205684,1.0620206830418055,0.9771316110433528
PAT_194_298_945.png,0.793335511097119,1.0559438510515309,0.953955500618047
PAT_971_1847_99.png,0.6713761675630293,1.111645484579136,0.9411464410735122
PAT_1221_766_430.png,0.4935091845582229,1.3103375768700554,0.9091620343763432
PAT_764_1448_499.png,0.876197682343823,1.0450231009798188,0.9775162849338096
PAT_344_718_206.png,0.8571712347084905,1.046887318715738,0.987146937480165
PAT_99_153_636.png,0.6522487464635953,1.1151415897337316,0.9206150800308714
PAT_943_1793_256.png,0.743045843704468,1.0829693744546884,0.9301576535507412
PAT_2143_4736_227.png,0.562322974567425,1.2281950290306949,0.9491614947841014
PAT_494_939_518.png,0.8112893004538348,1.0535660071986512,0.9890707667850668
PAT_490_933_352.png,0.6571055130625895,1.1277928042696288,0.9435880175025244
PAT_1439_1521_868.png,0.5378118036309153,1.117182614551279,0.8373079728180965
PAT_1733_3239_934.png,0.8026026343159423,1.0721053033392896,0.9611291752882056
PAT_683_1296_237.png,0.8664298843437154,1.0532103279525675,0.9866504854368932
PAT_819_1541_727.png,0.7863457585426112,1.0746833324350331,0.9824657420003856
PAT_59_93_342.png,0.7801150097451257,1.0960025792110493,0.9965167681858152
PAT_1800_3460_206.png,0.1672497604350563,1.375669719537087,0.3989609287655465
PAT_637_1217_274.png,0.4710995799530419,1.1421824395494526,0.7336223805099618
PAT_2034_4268_141.png,0.6622420321331539,1.0645148233666772,0.9493648157292276
PAT_412_817_232.png,0.7657958709176307,1.085850658562764,0.9448719566040116
PAT_471_909_394.png,0.5285371553993465,1.0727751172945883,0.9526641685898696
PAT_465_901_627.png,0.8323752825678649,1.0508858523331688,0.9696213425129088
PAT_357_737_77.png,0.8066798627824636,1.0743251149887678,0.9716730598996756
PAT_722_1377_120.png,0.7582194779778615,1.066077559509312,0.9724780775987087
PAT_561_1068_909.png,0.7817081745698683,1.072776054057704,0.9602773566896862
PAT_1082_342_705.png,0.844896229730561,1.0454436969861824,0.9768607790204396
PAT_976_1837_861.png,0.791132987300375,1.0730877763673936,0.9556110615521856
PAT_587_1117_880.png,0.8274443523219284,1.0487139384608837,0.9840231342710014
PAT_16_24_691.png,0.8991393770842947,1.0502675725532362,0.9953423597678916
PAT_417_828_723.png,0.4732817612703836,1.1979953060197586,0.7542082628737221
PAT_394_794_235.png,0.6716555238561097,1.0696259377975337,0.9129490034069264
PAT_20_29_850.png,0.5820538674970194,1.1836283181096137,0.8990846219373096
PAT_512_962_998.png,0.6431974765985988,1.1215956592336098,0.9130010569965038
PAT_968_1835_721.png,0.8404967250127743,1.0585029668373631,0.9880256004404376
PAT_1475_1651_727.png,0.810197431316934,1.0588433548230496,0.9630776033606012
PAT_680_1289_182.png,0.6693904061422145,1.0,0.1346640717840966
PAT_698_1150_510.png,0.3874019618409853,1.320591187254858,0.7750149914187051
PAT_1608_2720_196.png,0.8869374763724629,1.0523825728787963,0.9898302006719332
PAT_875_1670_121.png,0.87394604512961,1.0606212234345715,0.993458649831122
PAT_388_787_818.png,0.3269368491416647,1.2980830069915577,0.657584656565919
PAT_385_783_574.png,0.6904811330235162,1.1206285063848342,0.9642327891014976
PAT_244_374_726.png,0.3918786406896597,1.1983635749941308,0.6896336724148239
PAT_483_925_716.png,0.5099956712627888,1.1623584622003256,0.8270647494785426
PAT_1277_964_152.png,0.7401180933510894,1.0798718592026828,0.9844234204673884
PAT_1113_458_387.png,0.8052959564904031,1.0912004543495066,0.988291327644374
PAT_59_46_537.png,0.7052614853697768,1.1294112838594803,0.9256869973190348
PAT_704_1323_974.png,0.5046762383697057,1.148300403469696,0.9129385007572204
PAT_1400_1372_276.png,0.8219579204437341,1.0846835144070883,0.9775768535262206
PAT_53_81_522.png,0.4056199855836757,1.0581371760347718,0.7
PAT_323_686_356.png,0.5143682902201746,1.0594899987063753,0.8653321201091901
PAT_166_3672_759.png,0.7117677468792695,1.1004966127397735,0.9373191899710704
PAT_894_1680_410.png,0.8536243267065232,1.0551414140480766,0.9843777738327713
PAT_816_1544_933.png,0.6017121721479883,1.094109340483754,0.9424132954045096
PAT_420_834_948.png,0.8257744669286516,1.0755676806333203,0.9716626835097304
PAT_1798_3455_379.png,0.7838180936660083,1.0719975287970305,0.9830410708739384
PAT_994_1866_913.png,0.8619535503954113,1.0538075859357374,0.988078431372549
PAT_473_911_610.png,0.7295681040099173,1.113584977885259,0.972886208841265
PAT_247_1293_449.png,0.7834980405623653,1.0747666894213943,0.9636079140274022
PAT_838_1585_282.png,0.7029106693180648,1.0537410770149909,0.9380883995532152
PAT_261_401_911.png,0.3994332164030554,1.2653718432215393,0.7619047619047619
PAT_223_1067_569.png,0.3661066062776862,1.4489121159736795,0.8051798416992285
PAT_486_929_274.png,0.4648829460419526,1.289024353099813,0.8258486356415289
PAT_536_3227_442.png,0.8236112058982424,1.0554424283167336,0.9806764477239917
PAT_1071_314_500.png,0.4224161870795189,1.1871620079524532,0.8207368638930779
PAT_267_1258_693.png,0.8705861990350378,1.058885575126243,0.9906231998463868
PAT_265_407_421.png,0.8860444524083827,1.0393726490525452,0.9775280898876404
PAT_884_1683_538.png,0.6882288079094764,1.1020173977144103,0.9473923787228508
PAT_908_1726_939.png,0.8112494362581596,1.0612953953556734,0.9814067037684112
PAT_503_950_552.png,0.6214006478851104,1.1452449831046596,0.8861119799812324
PAT_1725_3222_943.png,0.6401142769315648,1.0493687894669623,0.8768551467525224
PAT_920_1747_19.png,0.3359935016940627,1.105069420805019,0.515412004069176
PAT_595_1142_142.png,0.6376877093161366,1.1553128104189754,0.9185799489791384
PAT_1210_738_915.png,0.1995627724306755,1.0,0.1346958658232619
PAT_351_728_683.png,0.7406542250532371,1.1359614459166258,0.986952288218111
PAT_1701_3135_5.png,0.7125324842279271,1.0967474519009608,0.9639140394894732
PAT_841_1603_667.png,0.8041171430474637,1.0612642995147668,0.969723735217626
PAT_384_782_292.png,0.776207843826573,1.098412463585185,0.9823427630344598
PAT_191_293_391.png,0.546523696723205,1.189115769377458,0.8915512734163632
PAT_832_1569_413.png,0.6644717356172473,1.1231472878604496,0.9075504297928672
PAT_657_1247_455.png,0.8407525190298086,1.0663808945979436,0.9858014531065556
PAT_599_1140_399.png,0.7726194161116952,1.0783696119483552,0.9679885508517612
PAT_681_1299_458.png,0.8483014823750505,1.0491349535181844,0.978643216080402
PAT_849_1613_824.png,0.8777714743678078,1.0505578599720145,0.9930702018680324
PAT_279_429_142.png,0.470519931710366,1.0,0.5863017827075403
PAT_42_58_13.png,0.8757737062500633,1.0390673123720264,0.9906993949322273
PAT_319_678_357.png,0.6634374859330864,1.1430363644428003,0.9494285425305956
PAT_162_252_773.png,0.5761613055899206,1.1820321884710876,0.8771748039776681
PAT_1161_578_233.png,0.5244576763538426,1.1331164643872986,0.9055917435073176
PAT_439_859_283.png,0.5957607535599467,1.1496179953660903,0.8919334332719786
PAT_1094_381_85.png,0.157305002558949,1.0,0.1626369669221667
PAT_36_49_935.png,0.8392244480041282,1.061785844515734,0.981095647976832
PAT_864_1645_639.png,0.7623988142592066,1.080088941574162,0.9563785650042068
PAT_793_1512_327.png,0.4160367999937052,1.0,0.2277421948044004
PAT_1450_1556_114.png,0.7194747773569152,1.1262150718718882,0.962548948575963
PAT_579_1099_837.png,0.8641061544783526,1.0536502291556766,0.9885863524223502
PAT_216_331_678.png,0.4422844388338672,1.1041988064265071,0.8789613888973943
PAT_1951_3934_98.png,0.2741576458384336,1.2296096445715317,0.4834728871426119
PAT_1975_3999_453.png,0.6933950267018466,1.1494118577369483,0.9490237044775124
PAT_126_192_208.png,0.7315156382273728,1.0736440581338391,0.923038265489267
PAT_1689_3075_38.png,0.7281930295929,1.0691476452111486,0.960805869560022
PAT_1833_3599_827.png,0.7591254386873058,1.0946071592876043,0.9771385314155944
PAT_201_946_262.png,0.6053115580248692,1.2155623452098312,0.9780780285539272
PAT_396_796_394.png,0.8591845564818855,1.0507871580157817,0.98343355012885
PAT_837_1583_124.png,0.732776526534818,1.0994430243715645,0.9388640213415382
PAT_1392_1353_161.png,0.8476154116609312,1.056836903362757,0.9933530043778764
PAT_328_1738_890.png,0.8145922362808279,1.0569047907454343,0.9800185156611634
PAT_1415_1439_295.png,0.8689407454333201,1.0529312468244387,0.9898853674983142
PAT_837_1584_745.png,0.1173867448668922,1.924469426397431,0.5238439937597504
PAT_1946_3924_24.png,0.7885560492452292,1.0571972248115056,0.9413522281031244
PAT_188_289_908.png,0.7534920026771991,1.0982140197979542,0.955508553538817
PAT_1241_824_82.png,0.8930170594135749,1.04526276285458,0.9928873715281482
PAT_172_267_557.png,0.885103987600885,1.0485672521425884,0.9406760855092832
PAT_2127_4662_596.png,0.1739046283249913,1.1839367550093451,0.3508742121871371
PAT_390_790_505.png,0.6656465909240118,1.08310067849369,0.9407863571766936
PAT_665_1260_16.png,0.7415806590326036,1.080667674223949,0.9539639847713846
PAT_51_78_959.png,0.4720902896594873,1.0,0.447627104987511
PAT_1727_3233_399.png,0.455652519056461,1.222798382610304,0.8584979673347122
PAT_185_285_862.png,0.7469233024421396,1.0820940624207,0.9447274688160752
PAT_948_1801_993.png,0.810773497799762,1.0669644255333202,0.9895142195509068
PAT_1728_3234_299.png,0.3314712179613795,1.4451964839480105,0.7890955878410979
PAT_1741_3273_34.png,0.30515503238637,1.0,0.1333994069522635
PAT_605_1152_536.png,0.7782597216240765,1.0663847509272342,0.9828239994018309
PAT_709_1331_253.png,0.6726262385771555,1.071919811403744,0.93406445747482
PAT_1423_1472_18.png,0.7843687950825307,1.0647364017820533,0.9508964486840592
PAT_987_1859_859.png,0.0,1.0,1.0
PAT_917_1735_936.png,0.5823620265108261,1.1499103428360498,0.8589514978601998
PAT_324_1464_266.png,0.475273255536202,1.3004337832346105,0.880807120407786
PAT_417_3537_45.png,0.8306819716843076,1.068016891362103,0.9898952647883168
PAT_1984_4038_265.png,0.7990703334299334,1.0744328523117594,0.9675954304820285
PAT_1641_2886_284.png,0.7629536970399204,1.064639151564361,0.9572333118695
PAT_1547_1876_839.png,0.8583887307722889,1.0485785665374754,0.9835300025106704
PAT_302_650_477.png,0.3246252484949063,1.3486784178957294,0.6828847260405345
PAT_1367_1264_801.png,0.2986379598385248,1.0,0.4127073715034655
PAT_300_648_84.png,0.8437678032840188,1.07199106385295,0.9845204560697518
PAT_492_4723_890.png,0.7474805356082999,1.0691350214266182,0.9761681860735678
PAT_682_1292_986.png,0.889559966241428,1.0464045114852258,0.9912746248696572
PAT_2009_4134_828.png,0.5932152286987814,1.1325287826365156,0.9642267780685062
PAT_716_1345_460.png,0.8768381914595638,1.053945797119986,0.971958174904943
PAT_817_4471_179.png,0.7101824875835117,1.095392663320541,0.9609170478885156
PAT_1136_517_92.png,0.8305678172562053,1.0499402668159097,0.9854257223216568
PAT_872_1709_526.png,0.6279430703649793,1.0853238290773033,0.8900702487184355
PAT_1942_3918_497.png,0.8362268285666257,1.0517864562273094,0.9885751647481892
PAT_940_1775_513.png,0.5173876740304582,1.2140473748774228,0.874098633909483
PAT_372_760_267.png,0.3432198155476322,1.349277626919125,0.7146442137046585
PAT_1615_2749_350.png,0.688900731220313,1.1324580153661998,0.9575628647793596
PAT_1603_2704_969.png,0.8633386462411771,1.0594528733599036,0.990736787569738
PAT_944_1795_371.png,0.7220933836234805,1.1062704931788492,0.9545061960195268
PAT_2011_4141_862.png,0.456393757965196,1.0,0.2312195387589511
PAT_904_1739_546.png,0.7588266085317952,1.0672611306051258,0.9699060002995304
PAT_183_283_495.png,0.7569713318941658,1.0801669438626686,0.937558951141294
PAT_1374_1284_208.png,0.4563344519284506,1.0,0.2743485536696151
PAT_876_1664_579.png,0.8331853494433455,1.0607938885164598,0.9807353059097104
PAT_2024_4225_170.png,0.8609091593812392,1.0443874369707549,0.9619883040935672
PAT_2036_4281_271.png,0.1398955611590902,1.250895887325876,0.3125585114188987
PAT_1184_676_303.png,0.8012333312020424,1.070661405842739,0.961364857603439
PAT_355_732_625.png,0.5707978349562683,1.1892087377052514,0.8989332241674092
PAT_78_118_164.png,0.8215533432055838,1.0941165046984154,0.9354186219618758
PAT_1698_3122_83.png,0.7207493953987928,1.117274795058264,0.9458281915027577
PAT_272_419_906.png,0.777822987820839,1.0587948447614757,0.9768886085310944
PAT_233_354_935.png,0.811787824458332,1.0562506485466472,0.9815296566077004
PAT_1313_1105_284.png,0.7804206597707952,1.0689993272114855,0.9618638717009724
PAT_274_423_374.png,0.8459693472396035,1.0486406041373229,0.9877643246930424
PAT_517_972_845.png,0.8653451223996268,1.0458199960353505,0.9867881092983686
PAT_721_1365_142.png,0.8282406123915577,1.0563084411933867,0.9891117759576242
PAT_1755_3310_986.png,0.7171486743350237,1.0,0.343121035366188
PAT_1432_1497_328.png,0.8202654497740586,1.068472831586271,0.9697093433312298
PAT_1688_3066_491.png,0.7364213401912424,1.083907228930454,0.9428501023580256
PAT_290_445_988.png,0.789126019173098,1.0946757908987863,0.9938701805758908
PAT_641_1211_321.png,0.7881515232645744,1.0727780094592878,0.9680299369438388
PAT_774_1462_821.png,0.8582383773654768,1.059117566723054,0.9879665331865728
PAT_1301_1063_739.png,0.6627615829342908,1.1123529162253003,0.9315341163812428
PAT_247_1294_292.png,0.793083163387993,1.060614656082827,0.9616808398241232
PAT_15_23_240.png,0.8042537847468479,1.07343793531373,0.9708345427376612
PAT_1790_3427_355.png,0.5435933214038299,1.1998779255347525,0.8954155125936768
PAT_2105_4587_204.png,0.2107148744707837,1.1052096094512072,0.3388143458733671
PAT_362_744_283.png,0.8081352955236897,1.0494198801340386,0.9751185419342092
PAT_1690_3082_117.png,0.4406428820309008,1.0,0.482946096654275
PAT_270_1382_561.png,0.8212035395889324,1.0534657421067009,0.9886677990778936
PAT_142_210_904.png,0.8681863048419718,1.0408935510975,0.992090395480226
PAT_425_841_644.png,0.8696984681830434,1.0558750746018275,0.9864245280602444
PAT_1648_2902_292.png,0.8637544008322462,1.0532572927773516,0.9853871821424462
PAT_217_963_806.png,0.8049286935240839,1.059286661281858,0.9838942677576118
PAT_766_1444_52.png,0.6714471524361384,1.1065403448786653,0.9246381825520384
PAT_505_3200_856.png,0.7520462864239431,1.0790626283415423,0.9481460142392693
PAT_224_343_782.png,0.8976422060855623,1.048447273294657,0.9940808577172212
PAT_1418_1447_360.png,0.8066249914411745,1.0738904021704083,0.964751645721125
PAT_1813_3562_195.png,0.7741314783748888,1.0759099186681071,0.9696695624578524
PAT_1842_3615_850.png,0.7815470000928095,1.059737734314884,0.979893801085854
PAT_798_1529_282.png,0.699469743242453,1.1199983299464369,0.9215024266722938
PAT_935_1781_341.png,0.8631802437394704,1.052591366085283,0.988638238691276
PAT_330_696_894.png,0.7736861410962531,1.0426293639045916,0.94454931571496
PAT_443_864_894.png,0.8646403906962328,1.056698569349449,0.9844980940279544
PAT_1062_264_741.png,0.798436852639297,1.0602469507900307,0.9282544378698224
PAT_834_1574_276.png,0.8328043305907361,1.0633015230872334,0.9853574023361092
PAT_620_1176_980.png,0.7379933213022296,1.0839629782117075,0.9509548784882093
PAT_690_1309_981.png,0.8808958281370788,1.0486850582226923,0.9921390140473793
PAT_687_1304_898.png,0.757165443821381,1.0904480526406244,0.924884386698965
PAT_1772_3346_66.png,0.8130988709170075,1.0917163217805672,0.9851326879653022
PAT_715_4073_115.png,0.0922189737933755,2.0263800953510747,0.4545318194163501
PAT_227_347_19.png,0.3691713783625741,1.095661331090075,0.6325607772322295
PAT_2088_4523_400.png,0.6714019118316368,1.1710378489532542,0.982190223569534
PAT_741_1400_780.png,0.5768058736365639,1.1141833463351267,0.8889614302932904
PAT_872_1707_638.png,0.7003302890523757,1.0969139389532618,0.9164939550949912
PAT_660_1249_469.png,0.6569208797032923,1.2153285532081195,0.9894507909104158
PAT_423_839_596.png,0.4354390249666237,1.275863928150614,0.8125614870812407
PAT_46_881_939.png,0.5804750517518967,1.1961349517392166,0.9068961338631578
PAT_701_4056_457.png,0.7998069079150124,1.0690624952040009,0.967500868960723
PAT_190_291_366.png,0.4838530391627965,1.0,0.6053813236414796
PAT_1568_2454_468.png,0.7678375037950315,1.0773202668092112,0.9484245776041402
PAT_1577_3527_831.png,0.7987564689087671,1.060722063731056,0.9432096337833348
PAT_1322_1137_201.png,0.7162558556569566,1.0567725421025869,0.948449848024316
PAT_267_1062_418.png,0.7790081595406828,1.101374397388074,0.9795795795795796
PAT_897_1704_988.png,0.4221982588903417,1.3173138168907137,0.8557550976776503
PAT_383_779_429.png,0.7338867668095883,1.0597824372759674,0.956162472500939
PAT_2034_4269_670.png,0.4459499640711078,1.2587989671104904,0.7943421262141075
PAT_862_1643_386.png,0.7614016986880051,1.0583160796609337,0.9714325121114424
PAT_653_1234_311.png,0.7835605222233736,1.0494445012245726,0.9527451922751488
PAT_114_173_213.png,0.562223489536156,1.1360982396335,0.8991036725628619
PAT_81_123_52.png,0.8134200257146671,1.0992490869268443,0.918585064570466
PAT_1765_3337_365.png,0.818317676372744,1.0776542588152085,0.9779312819592716
PAT_1172_622_420.png,0.754859129587506,1.0582688187295797,0.9506473360777996
PAT_360_742_782.png,0.6905647216150065,1.0870806109750482,0.9335447062884968
PAT_514_969_187.png,0.7428902802258622,1.0784351249021076,0.9660206545878184
PAT_792_1498_936.png,0.729617472497898,1.1006539917446896,0.9374688911420408
PAT_1993_4076_174.png,0.514742752909265,1.2068313094627063,0.8889001354781444
PAT_75_113_165.png,0.8419657529654735,1.0545720251561692,0.9795939252527732
PAT_204_310_975.png,0.8383873111752279,1.042770610635571,0.9882147920604916
PAT_441_861_415.png,0.6202095610983962,1.1908989126546627,0.9238223017292784
PAT_394_1562_579.png,0.8742147089716368,1.0590081426501905,0.990074868764522
PAT_1666_2985_968.png,0.3517525051978954,1.0,0.449238578680203
PAT_752_1426_714.png,0.6205722024300726,1.092820998046934,0.9101160061286256
PAT_565_1073_749.png,0.5722114628657973,1.095363819799362,0.8864459920860995
PAT_1702_3548_386.png,0.6705287261777624,1.1762905524925873,0.9730120686965524
PAT_645_1500_364.png,0.8546082597912509,1.0491491209988997,0.9874122010891012
PAT_904_1737_511.png,0.7953539698899741,1.0718732408120184,0.9553919501832452
PAT_867_1650_901.png,0.710620482468945,1.0777094327697818,0.9799855293519496
PAT_478_916_806.png,0.7659546815585732,1.0764615488059266,0.9511544537610888
PAT_100_393_898.png,0.6840896048795123,1.1169083978280234,0.943680709534368
PAT_221_339_566.png,0.4598225083587123,1.28965384821098,0.840681128994635
PAT_771_1488_562.png,0.8844844690308411,1.04989599295239,0.992687261681639
PAT_728_1381_63.png,0.1408629593473993,2.0513595251969163,0.6475743913435528
PAT_612_1163_833.png,0.5077301005277016,1.2460930482159502,0.8564314100306857
PAT_850_1611_332.png,0.7678586658042242,1.0618354828319496,0.9794093260157144
PAT_299_1455_759.png,0.4051034921805332,1.1200410330205124,0.6405910394330697
PAT_1749_3288_409.png,0.1822444121679526,1.0,0.2910263569354478
PAT_1411_1414_355.png,0.8090980396369194,1.0854046714600205,0.9860510411594536
PAT_388_1589_976.png,0.5038627293774361,1.2228456400579413,0.8173138490872095
PAT_2155_4784_483.png,0.8156776454216286,1.0879867741050488,0.9873687100981672
PAT_1300_1056_532.png,0.4985418395647442,1.1296458908249107,0.7725849950538866
PAT_1956_3949_217.png,0.2077898071591814,1.0440659411725493,0.3072383126066012
PAT_911_1728_101.png,0.8480721402256216,1.0530081256360877,0.9856478027638638
PAT_8_15_820.png,0.7714467310357096,1.0876492461843934,0.971048276183594
PAT_1374_1285_735.png,0.8468456548769875,1.059100730667654,0.9792021176025714
PAT_876_1665_569.png,0.7928708110442791,1.0511579347208804,0.9847223994894704
PAT_375_763_732.png,0.7989639687274466,1.0675061717860577,0.9631357909472702
PAT_1551_1889_948.png,0.9187879308898782,1.0355869876950317,0.989187101757096
PAT_663_1254_732.png,0.839138268915846,1.0584161122679498,0.992530003223095
PAT_304_4186_458.png,0.1846367611900171,1.591387942314806,0.6050643976125764
PAT_309_663_812.png,0.782115171373052,1.0834238100420297,0.9567217491701544
PAT_718_1358_919.png,0.5961522807064513,1.1799622135273686,0.8942904189323735
PAT_71_108_56.png,0.4863070173485844,1.0,0.501841686194798
PAT_1780_3380_542.png,0.7272475899488137,1.1123092240064238,0.93998899889989
PAT_859_1638_598.png,0.4835887095202063,1.2402298023456897,0.8230673221148056
PAT_1682_3050_600.png,0.7612468825298052,1.1260487332621734,0.9882484274417268
PAT_972_1843_756.png,0.6089236243889146,1.1314463646492472,0.9062697457051228
PAT_2129_4680_110.png,0.6330868762867268,1.119031311635308,0.9706504868068294
PAT_537_1014_961.png,0.4523951494095204,1.179722027995859,0.7616820686309872
PAT_540_1016_644.png,0.8139453066410309,1.0642904601966183,0.9790358511301868
PAT_757_1431_696.png,0.8596883091770585,1.0577002942947735,0.982906262256504
PAT_1308_1095_117.png,0.6177025892321909,1.2094416304722544,0.9626309249067992
PAT_931_1761_380.png,0.8299636995925298,1.0679323619093644,0.976038087538458
PAT_1907_3801_88.png,0.8144032951601295,1.0662806214658236,0.9660098161306864
PAT_297_4307_924.png,0.7335099719420293,1.0742639698746086,0.9318516748317204
PAT_852_1629_265.png,0.6202147858159492,1.1291923577850804,0.9312019123029806
PAT_79_120_532.png,0.4580103658757943,1.1152178802925805,0.7951492093686838
PAT_210_316_401.png,0.3482449815742193,1.2448098989473757,0.6548738248391885
PAT_325_689_528.png,0.8731818889828935,1.0534148776147347,0.9900829007515302
PAT_166_257_586.png,0.8581954935258829,1.0,0.8638016528925619
PAT_645_1300_463.png,0.8668186157617359,1.055002500793801,0.9933287700622172
PAT_677_1350_67.png,0.756958947608088,1.1013214554953128,0.969203096042734
PAT_782_1492_890.png,0.8608094142189366,1.0499196168130918,0.983927711113352
PAT_500_947_77.png,0.7973344766382263,1.0513248642176372,0.9694068449433256
PAT_664_1263_781.png,0.686687779756533,1.121279763326951,0.9224851538599964
PAT_433_852_20.png,0.7808039023506337,1.0763649697790445,0.9404721176873077
PAT_742_1402_818.png,0.126139138371805,1.0868491644386298,0.1858805437094322
PAT_771_1491_390.png,0.8286469152749446,1.0495113913318803,0.9907097288676237
PAT_2103_4581_72.png,0.1445032840907911,2.013114854511037,0.6706464218527752
PAT_753_1833_710.png,0.6673278842755833,1.137919889150783,0.9660678642714572
PAT_938_1789_693.png,0.9142936362973444,1.0432419691428931,0.9807220469681036
PAT_633_1199_218.png,0.8477090260462772,1.061465453447561,0.9756894627769808
PAT_1433_1499_29.png,0.7984731406460085,1.0802709806488988,0.9602776384010704
PAT_781_1474_517.png,0.6979368955154953,1.0701617663175094,0.8542757608290791
PAT_928_1764_426.png,0.7067262074382541,1.1165887725063512,0.9790310088637731
PAT_217_1291_419.png,0.8160827943153441,1.055183100216237,0.970952242283052
PAT_1906_3798_588.png,0.8229331899700404,1.058128224159174,0.9650101869076092
PAT_1090_376_384.png,0.7846335638082671,1.0713433984208702,0.9647717653187472
PAT_2016_4155_600.png,0.7073115289967473,1.085509241317906,0.9199088004878112
PAT_1278_965_701.png,0.6636079036713862,1.1416768484398343,0.920596899213337
PAT_1026_124_346.png,0.8922463484576785,1.0478768267630392,0.9724857685009488
PAT_2062_4397_39.png,0.886400723596995,1.0508164160651456,0.8948831462987749
PAT_815_1536_963.png,0.7462147908386828,1.1011334528707584,0.9750498360234068
PAT_990_1860_636.png,0.82351405097618,1.065691545277237,0.9659391951557966
PAT_460_894_242.png,0.7677076973760185,1.1102550373850726,0.9765023458589048
PAT_356_4511_960.png,0.410536865998655,1.060421072803989,0.5794749422075348
PAT_1881_3711_217.png,0.7593912861461837,1.0433926675936671,0.9498941425546932
PAT_730_1383_535.png,0.8332651800085352,1.051276244336682,0.9847666398758902
PAT_1017_97_577.png,0.7639878616474507,1.0908792776771226,0.9823355144758336
PAT_354_731_155.png,0.8479411816455901,1.0752938705840112,0.99196504795862
PAT_1364_1246_420.png,0.8404255397837784,1.0623308913698497,0.9879513066600192
PAT_2099_4562_100.png,0.8116213636775733,1.0661295142116816,0.9631800591850672
PAT_646_1225_590.png,0.6869423432290667,1.1202530038369354,0.9642825818383206
PAT_662_1251_43.png,0.8015534149394132,1.0822703795491395,0.9838715503539952
PAT_441_2868_663.png,0.1072665677946175,1.4908833722501778,0.295114777460739
PAT_1324_1145_309.png,0.6600335283468439,1.1337204220060155,0.9277169334456612
PAT_1638_2878_536.png,0.5120796544573005,1.1687198694553462,0.8328431884557317
PAT_301_649_533.png,0.6401240633408265,1.1111358548992645,0.8980754096014881
PAT_1070_305_907.png,0.7454126578099485,1.10536360350079,0.9514518460123506
PAT_243_372_119.png,0.3266967402699774,1.029184901045693,0.5041733782398594
PAT_145_216_158.png,0.8489186547368278,1.049253754648687,0.992560668245399
PAT_1940_3901_900.png,0.7813486248290878,1.1173112101716136,0.9854407342934008
PAT_2088_4525_507.png,0.8353547529521802,1.053970070210958,0.9715028970083954
PAT_1139_523_682.png,0.4235965849231567,1.0,0.1952275489983847
PAT_426_842_458.png,0.7198317345401163,1.0999374994124045,0.9254371217215872
PAT_38_54_234.png,0.8603213264333521,1.050700154795708,0.9905444196031516
PAT_435_854_68.png,0.600547336347203,1.148459939039275,0.8869591770521214
PAT_913_1730_815.png,0.4778860101200749,1.1416527152811533,0.8395210412951339
PAT_668_1259_681.png,0.8844005199718163,1.0526891612282214,0.9904748757592492
PAT_1089_375_677.png,0.9207930654084088,1.0387390411219188,0.9778251599147122
PAT_366_2448_563.png,0.3347246512936649,1.0,0.4334963175577954
PAT_810_1526_67.png,0.5168365382569242,1.2011309622539392,0.9091368063438792
PAT_1109_437_254.png,0.8114128492861109,1.0543875571480297,0.991007207458728
PAT_198_302_44.png,0.7817085503109173,1.057989966961746,0.9613457196054352
PAT_1577_2543_510.png,0.719966851226959,1.1225734936527467,0.94976751833819
PAT_32_44_211.png,0.7064081845151594,1.1607462579987775,0.9801212050238604
PAT_2162_4820_913.png,0.7553947695622887,1.1161658932039549,0.9658519471406852
PAT_631_1227_585.png,0.2999178484452371,1.217914622675366,0.5911359867104945
PAT_98_152_562.png,0.7814830775088236,1.0607229624682883,0.990271740171202
PAT_1899_3779_475.png,0.7059712361911891,1.073859596268619,0.9342908438061042
PAT_818_1539_859.png,0.3633371431852359,1.0,0.5219941348973607
PAT_813_1619_543.png,0.7473964464306514,1.080257132828195,0.964698373212006
PAT_876_1666_961.png,0.775338429042953,1.0925635397539362,0.959129309688713
PAT_1960_3957_864.png,0.7252543241974665,1.07529089267929,0.9619829524656172
PAT_107_160_609.png,0.8345982770772681,1.0645653794400294,0.9796457284789856
PAT_1945_3923_428.png,0.7157514072763177,1.136341955307197,0.9739366540783416
PAT_181_280_417.png,0.5795569128871972,1.21856755551285,0.9048331363779152
PAT_1846_3622_35.png,0.8103174324058675,1.0782197747184932,0.9788797061524336
PAT_1735_3242_27.png,0.8677138075576606,1.0613406001104173,0.9910490956072352
PAT_959_1813_1000.png,0.7061818906805712,1.1012652554519706,0.924190205883678
PAT_44_63_151.png,0.738728396181902,1.1043607497009391,0.9419097481924708
PAT_1035_165_800.png,0.2602050056179136,1.0,0.2101435156822769
PAT_1027_128_854.png,0.3910462574149312,1.0,0.1985305279776543
PAT_2154_4783_625.png,0.4467710956481544,1.4174811605212885,0.945399476096922
PAT_827_1600_1000.png,0.8398815192379412,1.056598587263575,0.9860204550306308
PAT_2068_4424_995.png,0.6982734591166636,1.1074716827911577,0.9461953120268116
PAT_318_677_278.png,0.3880985021440425,1.3088836046231471,0.778147816062508
PAT_375_764_705.png,0.7186901157127232,1.0684219040253975,0.9343000128320288
PAT_151_227_63.png,0.5245306688863064,1.1033318046986802,0.8564664839272365
PAT_439_2887_834.png,0.8443015787940943,1.0480643083110133,0.987062812276945
PAT_996_6_886.png,0.6697844168064285,1.1204026244976253,0.9672968529826208
PAT_257_396_494.png,0.7258907940400147,1.133649346022748,0.9631890610556374
PAT_430_848_476.png,0.7903176441185804,1.0830785818093287,0.9611011218882164
PAT_1605_2715_845.png,0.7159231154507447,1.093323302800136,0.9520414776409593
PAT_154_235_162.png,0.855328792056897,1.0597419283470702,0.9903877073899932
PAT_1405_1395_96.png,0.8496947632958379,1.0536960472204635,0.9778711197623194
PAT_411_815_692.png,0.7548091519813522,1.061620838627548,0.9550324152834612
PAT_961_1818_992.png,0.6868911884823646,1.0912553380209258,0.9255335550514284
PAT_839_1591_204.png,0.2836619914615035,1.2875039842887883,0.540278429532301
PAT_279_1393_118.png,0.8298102803232937,1.0522565937148258,0.975184844707886
PAT_296_640_206.png,0.5990499870893891,1.260062019993914,0.9875427881065844
PAT_168_260_654.png,0.8583839389553041,1.0638625841500329,0.994163961487345
PAT_1305_4097_251.png,0.8726306425462702,1.053170484469136,0.9868962935230252
PAT_798_1771_240.png,0.8479086942106439,1.04792090376103,0.9855142946468892
PAT_300_1478_445.png,0.8146280608382025,1.0617165052363058,0.9876901388307164
PAT_461_895_72.png,0.7348084443756452,1.0916758536609077,0.9501192218477548
PAT_780_1473_791.png,0.7697315228405683,1.0862082257670354,0.9625349474769958
PAT_1593_2651_122.png,0.5784309973302596,1.2824225619970513,0.9893972025654983
PAT_1543_4346_860.png,0.1141425104212242,1.0,0.1410195759110114
PAT_186_286_109.png,0.8774308589405917,1.054062116110656,0.9888444815319074
PAT_678_1298_396.png,0.682594681781891,1.0603461498133866,0.9542881165919282
PAT_1581_2570_738.png,0.6857974377051667,1.1241461148675305,0.9297424801362087
PAT_38_1003_68.png,0.497493107548626,1.2492123762840357,0.8368891947694426
PAT_1993_4077_139.png,0.1849964722400715,1.348190701312132,0.3893245716609894
PAT_71_145_971.png,0.0648052051452461,1.690131650554123,0.2838865726743261
PAT_247_378_484.png,0.7874103550496374,1.0696867078437533,0.9566741798146756
PAT_877_1667_118.png,0.6983309340417905,1.117623144239502,0.9557356923025176
PAT_97_151_503.png,0.7294238397681577,1.0919570715888771,0.9439890710382514
PAT_842_1606_720.png,0.7406991888254293,1.0725056944103404,0.9579383042933608
PAT_21_982_266.png,0.8059963028846964,1.05820705101835,0.9730285579974144
PAT_980_1851_351.png,0.5415995836658911,1.1631592837991125,0.8719785937267727
PAT_1840_3612_959.png,0.6741394473053539,1.1415598251506267,0.9485431908240168
PAT_428_845_189.png,0.8344569882554984,1.072038244086417,0.9861293177290128
PAT_1122_479_664.png,0.8102496533917553,1.0830124328422683,0.9722735674676524
PAT_1269_936_965.png,0.8335628575447639,1.0619536266419582,0.9691690861330016
PAT_1275_955_131.png,0.7786691569007897,1.0758693458467858,0.9729803350480362
PAT_2115_4613_260.png,0.7898330568284827,1.056306528077989,0.9674032115852192
PAT_57_90_910.png,0.6714008874877131,1.084229767682429,0.8960900977475563
PAT_826_1615_908.png,0.2420970698487508,1.472190498969106,0.6452012212104753
PAT_498_944_488.png,0.859466584317359,1.0650684889990358,0.9927365507875596
PAT_927_1759_749.png,0.8563105798449439,1.0499802459427925,0.9806967082134868
PAT_1176_631_36.png,0.8657139333419432,1.0,0.2475334909377462
PAT_154_237_625.png,0.4916195044613428,1.2339453901893207,0.8630898665815158
PAT_1631_2837_667.png,0.2069226679814051,1.3295101666694915,0.5344554888320239
PAT_755_1430_681.png,0.8122373887015534,1.0684406792627728,0.96993636372258
PAT_1633_2855_594.png,0.6058082027451331,1.1285007668679454,0.9084454481082426
PAT_364_749_377.png,0.8113750565865375,1.0584513943756904,0.978490566037736
PAT_1707_3146_743.png,0.6963557205796005,1.0931631408601263,0.9645181223823436
PAT_691_1311_686.png,0.8593691445745769,1.050002742081367,0.99248816628936
PAT_717_1347_899.png,0.7532999269527607,1.1004291489167168,0.9562149468788472
PAT_122_185_957.png,0.7822431547751744,1.0513077760960534,0.987780493223728
PAT_2131_4683_112.png,0.57796746946271,1.13952679962984,0.8794944965348552
PAT_149_221_679.png,0.3926107798654342,1.2577002542153937,0.6748807534681625
PAT_1783_3413_850.png,0.7763506142927404,1.0904718230678827,0.9811182801216024
PAT_632_1206_634.png,0.6892080616464569,1.0874998959833102,0.9552720228268234
PAT_1719_3203_18.png,0.5941808560662241,1.1525221235301604,0.915478640949404
PAT_1736_3246_166.png,0.8700955538444856,1.0487333674491792,0.990386646946968
PAT_1670_3007_105.png,0.1920472096525916,1.4834898365585314,0.4633555774958931
PAT_553_1049_461.png,0.7281377807508361,1.039139915040142,0.9361034055362096
PAT_237_363_344.png,0.6250247466445079,1.17779968269413,0.9607244995233556
PAT_1931_3879_727.png,0.802497063793027,1.0643921927345106,0.9611280246450042
PAT_333_1469_499.png,0.3633475720501803,1.2635559849417912,0.666312022008743
PAT_567_1076_545.png,0.1515570374821078,1.74660765610853,0.5699275745400719
PAT_747_1409_116.png,0.7036761857573989,1.129438291466002,0.9805811871643024
PAT_520_983_221.png,0.6939230148002687,1.1030698506526888,0.952939838507904
PAT_1547_4232_115.png,0.8964349755642397,1.0450076833607267,0.975227856975929
PAT_249_380_366.png,0.8886104597477339,1.046322898647785,0.9889505992399884
PAT_698_1319_166.png,0.8453161103840247,1.0646154613824106,0.9820865872037264
PAT_2151_4779_515.png,0.0687289516469651,1.2425592543963255,0.1446093238684992
PAT_877_4672_612.png,0.8067378107469353,1.0651222597308236,0.9645056231235052
PAT_723_1396_338.png,0.6455797951164138,1.1263089362390468,0.9041718298223874
PAT_14_22_850.png,0.5800743909119883,1.2216224574904055,0.916020326290452
PAT_43_61_210.png,0.3414187963403342,1.3918044900156097,0.7607937804665631
PAT_665_1261_17.png,0.7049190967157715,1.083469049536421,0.9781787312739936
PAT_611_1158_156.png,0.7418146955224957,1.071006265499237,0.9600420609884333
PAT_330_697_575.png,0.591774164414142,1.1780618632032969,0.9051034515355256
PAT_645_1222_140.png,0.8483124970003993,1.0582982411684885,0.9847837330212048
PAT_419_2767_323.png,0.3526685785989844,1.3164447895795994,0.6790139949109415
PAT_1326_1156_139.png,0.8743084083102679,1.0458357849794009,0.9835082458770614
PAT_311_667_416.png,0.7199042638974491,1.0972279501272932,0.9306948424068768
PAT_1950_3932_655.png,0.539561887590254,1.1260856880505865,0.8285963192856365
PAT_953_1806_326.png,0.8225257280144168,1.0546335324861744,0.978034188034188
PAT_640_1210_293.png,0.8681607931301998,1.0636550318000813,0.9937116826172004
PAT_854_1635_103.png,0.6899556768170926,1.0748016172444763,0.9698903128362852
PAT_980_1849_295.png,0.8777035778506979,1.0569352726421783,0.9193717277486912
PAT_516_966_57.png,0.8016229267485271,1.0590455607824654,0.973715266602296
PAT_782_1493_140.png,0.3508028463162186,1.0,0.2820040731521672
PAT_1252_866_852.png,0.832461162784425,1.061481563283986,0.9941763599957202
PAT_960_1816_662.png,0.8017901110064315,1.0445839986916003,0.9833893332071364
PAT_730_1385_585.png,0.898151303469513,1.0459591151182523,0.9950983485852528
PAT_938_1790_977.png,0.6877749964797679,1.0900160394998346,0.9299674267100976
PAT_126_191_304.png,0.7882294307660491,1.080243942684024,0.9803572927156764
PAT_492_1784_50.png,0.5987961274824708,1.079249198462918,0.9153112292774476
PAT_159_245_181.png,0.6471177183292793,1.1064473084735924,0.8713630303505607
PAT_2081_4488_57.png,0.3971419207092195,1.0,0.4548455536080381
PAT_931_1763_617.png,0.3422638053428826,1.365412099121863,0.7143860243822714
PAT_246_377_159.png,0.7300418618340571,1.0557049477805076,0.9863408288422226
PAT_809_1527_202.png,0.859212683000402,1.0474196035237158,0.9731007499184872
PAT_1918_3836_82.png,0.698467088584014,1.110227123885881,0.9272894726690584
PAT_1940_3902_876.png,0.8140917015466186,1.0808470891372122,0.977556237218814
PAT_2159_4792_718.png,0.8473936083291072,1.0652831732379786,0.9829991527817
PAT_1734_3240_299.png,0.7802926579570651,1.055531851543142,0.8773492339044456
PAT_1453_1565_529.png,0.8761712221921512,1.0471160092438638,0.9892318736539842
PAT_707_1327_245.png,0.8900700510520071,1.0443042763136252,0.9859786065336804
PAT_571_1096_10.png,0.8049565396089857,1.0902408382883748,0.9737564117857568
PAT_20_30_44.png,0.8461000258337019,1.0553806311834395,0.9782703564925588
PAT_2020_4174_799.png,0.656746258826827,1.060670079170042,0.9713129411764706
PAT_1393_1354_535.png,0.3897992880457301,1.3108913617545328,0.7783611364266751
PAT_621_1183_56.png,0.8025554056450334,1.0904899496254865,0.9860846827415924
PAT_993_1865_559.png,0.7539666095494865,1.0387855965285626,0.969214876033058
PAT_905_1721_327.png,0.8889291669484681,1.043891055787762,0.98301329394387
PAT_982_1852_526.png,0.6300447475605994,1.1566268414936385,0.9326984419524504
PAT_267_1061_152.png,0.7373597302030347,1.0716590006552855,0.9390615949024907
PAT_1721_3219_737.png,0.6086572325874853,1.1418775065730236,0.9015975740900416
PAT_141_209_438.png,0.8874489946402755,1.045599373311169,0.9768115942028984
PAT_545_1030_854.png,0.7160072820484603,1.06779278905719,0.9646274956685544
PAT_270_1384_995.png,0.3802908958769782,1.0,0.2868274373518962
PAT_734_1390_631.png,0.3971678166446134,1.1361346212680077,0.6528035557292176
PAT_392_792_712.png,0.7571814260082989,1.0433199540321616,0.9858520672292744
PAT_715_4072_827.png,0.3856283846356734,1.0,0.520313503886862
PAT_1118_470_710.png,0.7969758652732546,1.0504259850158837,0.9702405218100284
PAT_1243_836_47.png,0.836295388995463,1.0584259537464793,0.98709464537772
PAT_497_943_580.png,0.8456867348740463,1.0630275413340804,0.9814580013260904
PAT_93_142_269.png,0.8455966597340863,1.081434711152054,0.9948689775824456
PAT_263_404_410.png,0.7856502350965469,1.0838852979971647,0.9628235440517672
PAT_1132_508_325.png,0.7690118924851331,1.0726992583076764,0.9387656974770902
PAT_2106_4590_227.png,0.632728217817333,1.18691167662301,0.945548425770766
PAT_215_330_341.png,0.8230683038204138,1.067144488474351,0.9653533470618664
PAT_776_1466_241.png,0.8433012991013248,1.058784756953469,0.9818358076667404
PAT_2017_4164_500.png,0.7446158775342122,1.099239241721896,0.9549704012138523
PAT_1481_1674_735.png,0.7692738016027199,1.067835420873363,0.963985866640734
PAT_192_296_824.png,0.8804425768479992,1.0505331586066722,0.9918397985374594
PAT_1306_1086_762.png,0.079881777506385,1.4707950074762863,0.2201096010018037
PAT_666_1268_870.png,0.5433577580814539,1.2242412545665744,0.8660046305775622
PAT_974_1841_693.png,0.8411173683210478,1.0582208374174094,0.9838185667274518
PAT_159_244_102.png,0.3087467304185686,1.2384229795281056,0.6956033523545084
PAT_1315_1110_317.png,0.7555283780482931,1.0478619048554838,0.9713998996487708
PAT_704_1324_359.png,0.8120022692594242,1.0523463026839197,0.9840413919573856
PAT_75_114_73.png,0.8544320275771178,1.0475987404448026,0.9946374648571726
PAT_838_1586_622.png,0.7449111260567751,1.1337880061354997,0.9809133630557898
PAT_165_256_460.png,0.6490351842028078,1.1481986664391683,0.9119947589930912
PAT_875_1668_588.png,0.8825461526180889,1.051735272524834,0.9917828759934024
PAT_2152_4781_332.png,0.53717374625301,1.0,0.3732306596634915
PAT_1335_1181_21.png,0.7324934577664475,1.106041423540076,0.9669782774308844
PAT_891_1701_36.png,0.7104281248854551,1.0760379006507796,0.9468602594339622
PAT_393_793_852.png,0.8619147699140768,1.0580528508519609,0.9842035251080812
PAT_432_851_560.png,0.7933113430354564,1.0789241066941682,0.9506956309494752
PAT_2013_4148_303.png,0.8120484031408288,1.041079060875591,0.9117525463223964
PAT_1505_1733_128.png,0.1840098957984112,1.0,0.2780777470152712
PAT_1652_2915_65.png,0.5290666664143484,1.2578962480662186,0.9569742847601024
PAT_26_37_865.png,0.8345135468419534,1.052198586508792,0.980937828766094
PAT_378_770_302.png,0.5233433161836143,1.2817249580259469,0.9727380828433496
PAT_389_2600_833.png,0.8463197093244788,1.056255355642853,0.9858408940983012
PAT_55_84_506.png,0.7805236106573007,1.0900441893324764,0.9671201814058956
PAT_747_1408_427.png,0.8274818729420403,1.0615458761544292,0.9912979660306144
PAT_580_1104_684.png,0.8930271722648777,1.050344622724643,0.9914856052624084
PAT_457_890_255.png,0.6935121696697393,1.1332872370019689,0.9658820948381232
PAT_544_3299_671.png,0.8552843800325898,1.0560393595525115,0.9898922320266164
PAT_413_819_268.png,0.6430239904421104,1.126109899132298,0.9029048851300177
PAT_1819_3569_217.png,0.2245254248344637,1.4015401648136867,0.5506959725072317
PAT_213_328_117.png,0.8938057288946968,1.0509375316363383,0.9400266936097494
PAT_386_784_470.png,0.8608292567672597,1.057495615272322,0.9843521802628834
PAT_235_360_50.png,0.2997728163020885,1.182174339706605,0.6609532754167645
PAT_1334_1178_413.png,0.849363786780648,1.0509183003172924,0.9850530845244015
PAT_1784_3416_507.png,0.8828256374133434,1.047692282744802,0.9902327972387456
PAT_477_915_389.png,0.7999433290268083,1.0900632933195369,0.983473914055486
PAT_325_1506_999.png,0.672046984423829,1.0650980072224514,0.9363603114060296
PAT_291_446_704.png,0.7439953937888749,1.0787639639814968,0.9690920029795442
PAT_587_3431_6.png,0.6636291081461118,1.1123906260731935,0.9313571673923337
PAT_1550_1886_849.png,0.2822611669369242,1.2065753929235152,0.5135804036045183
PAT_76_1039_269.png,0.5244147705805586,1.217333707637564,0.9053777867918936
PAT_528_993_589.png,0.7600854618489409,1.0696128518300407,0.9467161166142436
PAT_741_1401_619.png,0.7644943005702859,1.066335174366673,0.9773596307108656
PAT_1410_1410_46.png,0.4967587151891794,1.105659380694511,0.7046554174067495
PAT_851_1623_815.png,0.7848678083863581,1.0916069131818142,0.9800166527893422
PAT_799_1515_723.png,0.8693089059614241,1.0447444444247316,0.9742895805142084
PAT_115_175_206.png,0.7025894875578951,1.0875317876778248,0.9630328596802842
PAT_2018_4167_11.png,0.4003097642499241,1.3585678068037652,0.8316658524162448
PAT_1989_4061_934.png,0.7838137400639527,1.0553068438838156,0.9844449795328678
PAT_27_38_240.png,0.870484881865464,1.0499164115054942,0.9886665216445508
PAT_160_248_254.png,0.7227099442877791,1.096593587133311,0.9346105527638192
PAT_115_176_455.png,0.6151693982364927,1.147423882500637,0.9316789533797112
PAT_1414_1432_969.png,0.4447522594847598,1.0,0.3676940521595712
PAT_263_403_966.png,0.8927440693607891,1.0468511523867512,0.9919803474448372
PAT_1414_1429_59.png,0.8110576373162466,1.0525815453229956,0.9862082592373048
PAT_122_869_60.png,0.425878758417882,1.0,0.5011080911561782
PAT_1063_271_448.png,0.8819506816934032,1.0587811227609476,0.8499603069595131
PAT_373_2598_514.png,0.7778265715914163,1.0,0.4617236600380314
PAT_1174_628_915.png,0.8156839987510314,1.0522198909485936,0.9668997369940344
PAT_138_205_296.png,0.0906015963549052,1.6544163569606667,0.3090956842459848
PAT_1761_3329_837.png,0.1197774048084764,2.4365955834462025,0.7804797008486841
PAT_118_180_386.png,0.645960922806713,1.1495736584871463,0.9279904736227196
PAT_974_1842_574.png,0.2738405986924968,1.181425317582783,0.5563775278771551
PAT_108_162_660.png,0.8688190820151536,1.04059202232982,0.9949739272475968
PAT_468_905_765.png,0.8377443847799888,1.060523902513296,0.9763737774460898
PAT_699_1320_901.png,0.7905872167899844,1.0839030071660145,0.9780055037581632
PAT_73_111_435.png,0.8569646655180935,1.0508436669690708,0.9928877541716056
PAT_253_384_607.png,0.8582059404397975,1.0649080214975986,0.9955772427640696
PAT_1801_3459_857.png,0.8362409330373253,1.0807704720763922,0.990233101499674
PAT_674_1277_9.png,0.4071028213586166,1.2311472392634486,0.7165553201890175
PAT_229_349_256.png,0.7176720948147026,1.1116046027889128,0.94600129617628
PAT_564_1079_430.png,0.7076796120815526,1.0518289611474638,0.979785157888262
PAT_172_266_950.png,0.3582962274330233,1.3752340303873618,0.7826304384064011
PAT_479_919_97.png,0.5867004234401032,1.1200410076571297,0.8516830054157811
PAT_574_1081_628.png,0.7489806733977404,1.048426375344028,0.9651500484027106
PAT_1708_3155_581.png,0.248136111398028,1.0814789734477206,0.4133384214779563
PAT_1064_272_668.png,0.7777566492242346,1.0723370149204527,0.9705507800063674
PAT_1661_2956_357.png,0.4983072072165104,1.1648621324624504,0.9638742869925064
PAT_930_1760_560.png,0.8684922698101188,1.0588259859775435,0.9883790541254358
PAT_306_1646_903.png,0.2310168219999926,1.0,0.124042347457417
PAT_963_1820_823.png,0.68602455817728,1.148028632254272,0.9423908918406072
PAT_1563_2426_436.png,0.5245872237213828,1.1407022474913842,0.8685934453365005
PAT_785_1479_108.png,0.8718689881345133,1.0510789556984834,0.991575502287948
PAT_1651_2914_833.png,0.0556033979527826,2.32375225860464,0.372088469012042
PAT_219_336_376.png,0.872742584308695,1.0584703794142452,0.991430908832884
PAT_531_3079_652.png,0.7698430815082451,1.073309149364033,0.9631529850746268
PAT_106_158_249.png,0.6729262429104848,1.0856234991211362,0.970534565022978
PAT_1955_3946_319.png,0.7292821320778969,1.0616239613389806,0.9422697118549652
PAT_267_411_513.png,0.5503868235155224,1.1186485813880072,0.8902150920084614
PAT_1065_276_231.png,0.881412568932717,1.043668446604736,0.96220633299285
PAT_433_2650_417.png,0.7470276672502961,1.1324545442659502,0.9798149705634988
PAT_1575_2516_23.png,0.5006700232109369,1.2371471105281533,0.8893956670467503
PAT_1969_3980_995.png,0.8757893113852783,1.0570090100753726,0.9507060679230614
PAT_575_1087_29.png,0.5528949058753037,1.0,0.552797244328305
PAT_1390_1346_709.png,0.790940928848446,1.0571334257147798,0.9637650728897954
PAT_879_1676_668.png,0.8266582082400771,1.0515082740230215,0.988791331963385
PAT_406_809_581.png,0.6548766573601801,1.1034439627210912,0.9185107926718664
PAT_1109_436_141.png,0.8480127238980041,1.058155693897887,0.9841276636734344
PAT_715_1338_761.png,0.8329992927884403,1.0589723474657813,0.9847175662836348
PAT_1042_187_746.png,0.2820090913069557,1.0,0.2994567640308439
PAT_600_1141_542.png,0.8782912769668739,1.0549719416147874,0.9894989940625152
PAT_514_967_300.png,0.8555644611691481,1.047346790322138,0.9918946517465856
PAT_67_104_730.png,0.8029710876312548,1.067032779112327,0.9786772877142604
PAT_1350_1230_878.png,0.8559928660980984,1.0644339820631288,0.9802878325337984
PAT_1481_1675_371.png,0.7338333751889939,1.078864540810337,0.960452676935268
PAT_279_430_356.png,0.8389946011403726,1.063956378672354,0.9902166412281208
PAT_1138_520_154.png,0.6707536941723787,1.1535479115823004,0.925830668705686
PAT_2050_4350_36.png,0.6237439054107983,1.1137930066075667,0.9204988828492346
PAT_309_662_76.png,0.5012283456038128,1.2238564825251306,0.8543737301630883
PAT_601_1147_943.png,0.2894456383867193,1.474815874828105,0.7261974730735925
PAT_191_294_629.png,0.3353196355833634,1.318082664329374,0.7860187011004389
PAT_219_337_358.png,0.5338155756922995,1.1730003064137011,0.8710515643540562
PAT_1070_308_751.png,0.7781128681433483,1.0630681888993152,0.9652429159925948
PAT_1307_1088_252.png,0.7105411274349788,1.083264961354086,0.9691467900795064
PAT_857_1628_916.png,0.8292714860306684,1.0740731694947403,0.969665976562887
PAT_448_875_81.png,0.7485486038012473,1.0691888594581105,0.9535862442133108
PAT_402_803_739.png,0.4933721947723032,1.2089017236036228,0.8156583069012392
PAT_940_1774_962.png,0.518167385987264,1.1614797386131936,0.8570703080916375
PAT_2124_4650_575.png,0.8588307699893092,1.058975567774803,0.9907340623239604
PAT_158_243_947.png,0.7582658335261463,1.0964724282945049,0.9518203627703292
PAT_277_426_825.png,0.8871884367515434,1.0508355381601595,0.9901652998462328
PAT_1591_2648_855.png,0.4788261622434019,1.1270935385357006,0.7814867424242424
PAT_2011_4140_988.png,0.4767773876567491,1.1863329544676084,0.8947875120341081
PAT_257_395_866.png,0.8932945101159013,1.0501111062751332,0.9939659519710644
PAT_1392_1352_778.png,0.847584738107392,1.0452575359063057,0.9813073124853045
PAT_802_1516_910.png,0.3489336496179124,1.0,0.4328032961453611
PAT_2119_4625_733.png,0.240692239430021,1.0,0.3586572029685802
PAT_354_1817_500.png,0.814186600494286,1.052757332808519,0.970984570984571
PAT_499_945_878.png,0.7255267144283711,1.0721105914340558,0.9513061599553674
PAT_1582_2574_34.png,0.7599597474748168,1.0,0.3594129331273449
PAT_1790_3425_942.png,0.8125717917698263,1.0677959767480636,0.9680529636541366
PAT_788_1503_168.png,0.4486645705178562,1.2099731966645195,0.866692998252743
PAT_109_868_723.png,0.8125815909230754,1.0621574949804706,0.9608864871819616
PAT_1712_3173_684.png,0.7940396752839346,1.0900661264435882,0.9804406221078532
PAT_847_1610_165.png,0.643797756888644,1.1435577948967923,0.9196663964847916
PAT_330_698_211.png,0.7774798956520506,1.061343273550309,0.970835727611206
PAT_338_709_306.png,0.8851571899466533,1.053506641712932,0.9865314530185392
PAT_58_91_143.png,0.8644000775139146,1.053071940965441,0.9824863623313236
PAT_1403_1392_407.png,0.7223846654440838,1.0497967109504058,0.9847629819314294
PAT_1913_3816_335.png,0.6955519436687452,1.0464877231966696,0.9562097971301337
PAT_1573_2499_849.png,0.3321235283667983,1.329590603042139,0.7036478421063972
PAT_220_1343_489.png,0.6301286396952498,1.0424792953958786,0.9844662274358562
PAT_282_433_934.png,0.6035427560937613,1.174689837234776,0.8782872921514958
PAT_1884_3730_813.png,0.8341771618729651,1.044494744620335,0.9759326113116726
PAT_988_1858_453.png,0.805985014656151,1.092772321146494,0.9845396020288724
PAT_63_99_189.png,0.8776517561711733,1.048223330752313,0.991070121504904
PAT_302_651_529.png,0.743588941387043,1.1319384099251084,0.9868252725641076
PAT_627_1188_755.png,0.8501025165538368,1.0439943507569638,0.9845499522610884
PAT_1624_2807_679.png,0.8174157215727745,1.0678500144229215,0.9674866678135214
PAT_2125_4653_497.png,0.6049588952398199,1.1078335812873976,0.9753838716483844
PAT_487_930_973.png,0.6661197273354851,1.1533332028355603,0.9562963218992412
PAT_1057_242_297.png,0.8586688065611532,1.0583615437824507,0.9838862087830108
PAT_460_893_883.png,0.3159567197075032,1.522785047377228,0.8179493474080438
PAT_10_18_830.png,0.7213454899515829,1.101435880810519,0.922762718158188
PAT_1614_2747_533.png,0.8280729666079856,1.0,0.5708158225380183
PAT_923_1753_706.png,0.7243359680980209,1.1063250014454282,0.9612940496822646
PAT_1546_1871_376.png,0.8305688171715576,1.0733231309936182,0.9854117903217028
PAT_759_1433_973.png,0.8849522969808251,1.0460990055745092,0.9906225831399844
PAT_1190_700_663.png,0.2615464217564168,1.2566504906842582,0.5324975802991448
PAT_837_1582_714.png,0.7870876962822293,1.063621459628366,0.9641505416744944
PAT_1903_3791_14.png,0.8444186657627906,1.0648211191682366,0.9757021662136562
PAT_1571_2484_488.png,0.8166945283692633,1.0790448885676365,0.9582609350202924
PAT_61_299_74.png,0.8559744023486866,1.056727733412562,0.9847672778561354
PAT_767_1501_691.png,0.7994804129567176,1.0,0.3959142933191376
PAT_1805_3477_772.png,0.2513399972409568,1.220553245487977,0.4823862869483061
PAT_914_1732_136.png,0.7887395626867448,1.1004830922408904,0.9787778950348768
PAT_827_1599_248.png,0.8359188101458455,1.0670239294951993,0.9823451867787042
PAT_1330_1172_722.png,0.8465745459912652,1.0420121289123434,0.9775114661932238
PAT_792_4351_858.png,0.8557046161799167,1.0524448248048213,0.9880928108306488
PAT_369_755_391.png,0.6854644300322865,1.117852320345322,0.9451881182692572
PAT_2025_4229_541.png,0.1194432497681229,1.4250355008356403,0.3239189852126988
PAT_726_1371_543.png,0.8558242368372819,1.061212999496974,0.9863152217877847
PAT_691_3994_671.png,0.8196552929643764,1.0702687679878324,0.9776179210542928
PAT_39_55_233.png,0.892648663992436,1.0526362279987138,0.9945395587963508
PAT_665_1262_774.png,0.8230277382419984,1.062885803266109,0.9781371814879872
PAT_756_1496_480.png,0.6892648502186043,1.095011093728067,0.9345440786984488
PAT_939_1791_329.png,0.4631243070405828,1.276794987720623,0.8549302627311061
PAT_545_1029_650.png,0.6975071093534315,1.1118879132903905,0.9428200158383612
PAT_2097_4557_241.png,0.8967470987637035,1.0396958379638663,0.985049554846296
PAT_387_1614_866.png,0.8645488142477601,1.0500539979373464,0.943282721506823
PAT_1584_2610_223.png,0.8235186053129248,1.0471086975840722,0.9857393044783588
PAT_2042_4301_636.png,0.6655432496494584,1.1232008886202374,0.98222500111652
PAT_749_1415_164.png,0.5654577887220051,1.1537985604301195,0.8841083505265476
PAT_286_1459_926.png,0.9072856308305371,1.0392340780907967,0.9801716484166914
PAT_1529_1798_206.png,0.1290806475085583,1.3894356607946357,0.3282897082039008
PAT_2034_4266_880.png,0.6502166929152082,1.1440988672052503,0.922872597314788
PAT_975_4734_783.png,0.3602324951035706,1.0,0.4379687855140541
PAT_789_1483_793.png,0.7170211844522993,1.0941412411287694,0.9460836810812808
PAT_214_329_70.png,0.5443915273250182,1.147214945309517,0.8446636893468383
PAT_34_47_108.png,0.8429394256550852,1.0480357452182134,0.975445223961144
PAT_1102_408_613.png,0.8640870915881577,1.051849641730135,0.9722703639514731
PAT_153_233_45.png,0.8057307993552009,1.0711530355515415,0.967317085024178
PAT_168_261_38.png,0.463278528853397,1.28096036750513,0.8467442770231077
PAT_419_832_706.png,0.6360728079622727,1.1561598228388292,0.9405490096777002
PAT_2048_4333_63.png,0.7828755235638332,1.0825842309328897,0.9712192791549444
PAT_894_1679_640.png,0.7791324168995516,1.0847881770121948,0.9650837988826816
PAT_2003_4107_766.png,0.8042190133678567,1.068533204573463,0.9598418525840158
PAT_746_1407_708.png,0.5279682072616375,1.2409728847911876,0.8843328550932568
PAT_447_873_329.png,0.7907162609200373,1.0583146672173178,0.9477504139801994
PAT_1431_1495_511.png,0.3134305583971641,1.2159118968769995,0.6917368548192286
PAT_1926_3871_371.png,0.3408915126953011,1.164340496480585,0.6596969282597616
PAT_522_986_305.png,0.8515157419822244,1.0575442789135303,0.988035373677822
PAT_1545_1867_547.png,0.6283469481605075,1.143741023362317,0.8778453392647753
PAT_1284_995_150.png,0.3275778651294104,1.304421404294747,0.6780249067209381
PAT_1509_1741_810.png,0.6773131170560147,1.1196626571928303,0.9317839356404036
PAT_1202_722_827.png,0.7689685838377778,1.0871200075922187,0.926335908979736
PAT_453_883_719.png,0.8200920848894993,1.054852088120333,0.9861923755785026
PAT_762_1436_414.png,0.7320512584457475,1.0967022510178277,0.948808094666438
PAT_637_1434_570.png,0.8308243053557364,1.0744134822964757,0.9815606563642008
PAT_650_1241_329.png,0.4147342154970917,1.0,0.6032414910858995
PAT_920_1748_942.png,0.3711798955584235,1.2305183980038137,0.7498578077315899
PAT_338_707_774.png,0.832683220451975,1.0552430618330388,0.960039305601048
PAT_1844_3618_373.png,0.8840160789515661,1.0519282795783054,0.9859763350654228
PAT_535_1011_567.png,0.8024321906330255,1.052789338620627,0.981809001731102
PAT_983_1854_274.png,0.6834069905317394,1.0971353880065202,0.9010032251688512
PAT_212_327_532.png,0.8490885220884097,1.0597442647591506,0.9830033229726586
PAT_541_3303_228.png,0.3304992820480197,1.0869877127526937,0.5927311912225706
PAT_1583_2607_628.png,0.7068026728653297,1.0708418460482756,0.9335402782555824
PAT_2122_4642_680.png,0.5656219437676031,1.1980397904712456,0.9223078183904276
PAT_2065_4412_407.png,0.8457462475091522,1.056205927365179,0.9841286920966268
PAT_745_1406_409.png,0.742115055522324,1.105421392573792,0.9525681202528284
PAT_2113_4607_329.png,0.2969207830099794,1.0,0.4418571591674819
PAT_121_184_502.png,0.8704860545307433,1.0484157962488108,0.9918410783965944
PAT_1547_4231_928.png,0.9132446655052068,1.0450187923867822,0.9883367139959433
PAT_1022_115_132.png,0.2055661406624714,1.3681544576483562,0.4584235960673221
PAT_431_850_472.png,0.7117353121369902,1.0862341320365896,0.9180681993519518
PAT_1526_1792_482.png,0.4420729215026794,1.427677064497072,0.9427118007545108
PAT_570_1085_429.png,0.8645913958012474,1.0536876639918349,0.9864585808455548
PAT_104_1754_276.png,0.8662170125589438,1.0553856690113048,0.9872087592755956
PAT_463_897_440.png,0.8225851087781096,1.0511924131380534,0.9906289557709383
PAT_1063_270_593.png,0.5493668598780592,1.0781112071321282,0.8812323612417686
PAT_1329_1168_620.png,0.8728595724871757,1.0564514474428877,0.9830650219527494
PAT_1000_31_620.png,0.5366169726358141,1.1738466434384374,0.870280226286015
PAT_1427_1485_15.png,0.2625466886255246,1.296559446711821,0.5592632993076208
PAT_1588_2629_296.png,0.7364012455289001,1.094730052313505,0.9501169134840218
PAT_286_1458_381.png,0.530420835642028,1.1437060605770737,0.8605000683153436
PAT_365_751_709.png,0.7108312348244907,1.148011848708711,0.9937257166859182
PAT_753_1428_451.png,0.9394011492429828,1.0311678804950195,0.972644376899696
PAT_359_4450_86.png,0.8235963203355504,1.0636786243068523,0.9799370127523362
PAT_796_1510_130.png,0.2107237356657119,1.4615782364481649,0.5925585568321385
PAT_625_1184_994.png,0.8493313245686946,1.0590116963918288,0.973964606689521
PAT_528_3072_615.png,0.8699134223986713,1.0595255184572847,0.9904451682953312
PAT_108_161_423.png,0.7749381971534411,1.0752590391271,0.9725112307809868
PAT_705_1326_82.png,0.9020812527947972,1.0449699111771191,0.985400234938748
PAT_155_238_413.png,0.5374605963931252,1.130755539006775,0.8346409534646942
PAT_851_4520_743.png,0.4862524971203837,1.112801208278314,0.9133566615791237
PAT_1770_3344_274.png,0.8440709254788157,1.0599945588757111,0.9902843966179862
PAT_821_1547_77.png,0.6357892294751192,1.109496148798478,0.929759063967362
PAT_503_949_409.png,0.6280306381097539,1.208025878550442,0.9716497067954468
PAT_824_1560_801.png,0.556561037362343,1.1567444912634497,0.8379826795720835
PAT_312_668_480.png,0.639305716645243,1.1946984924663109,0.9528771881713058
PAT_1075_324_177.png,0.8554915479956283,1.0459902692988652,0.9500158177791838
PAT_1370_1273_41.png,0.8467829458423876,1.0588632159141622,0.9884135937154516
PAT_306_658_825.png,0.844422220674764,1.0458465703546462,0.9653899400092294
PAT_264_405_118.png,0.8387804027222302,1.054241364907961,0.9920401343849896
PAT_251_382_164.png,0.8169096810119779,1.0520332307734817,0.9851983646274984
PAT_359_740_46.png,0.8803935959415845,1.0523260264525574,0.9905922957025162
PAT_937_1768_126.png,0.7259789502769424,1.0785929788916655,0.9281172214328184
PAT_159_246_630.png,0.7849778009393124,1.0566544970797642,0.9539680543327884
PAT_359_1596_68.png,0.8269161204616463,1.0774791798167755,0.9851800598590416
PAT_778_1471_835.png,0.8873395264744516,1.0314880316400097,0.9732078204199855
PAT_1521_1778_763.png,0.7658674636869202,1.0982540896837998,0.953677886688321
PAT_281_432_813.png,0.4981705605822681,1.2052229893257764,0.8121737928173931
PAT_359_741_973.png,0.5633405878594868,1.205310679518417,0.9095072826581704
PAT_758_1441_891.png,0.5258661192739437,1.2575962276623447,0.8956444512740782
PAT_887_1688_436.png,0.3622490455234263,1.3846776978025694,0.7871211373284628
PAT_1331_1173_380.png,0.7023463944927619,1.1227906120905702,0.9560749546645174
PAT_549_1043_676.png,0.4212595922857057,1.3389270414829118,0.8487102136304869
PAT_212_326_597.png,0.5453581670538705,1.0,0.6618878987011227
PAT_1708_3153_799.png,0.4228998554621497,1.0872757307703542,0.6377846260470699
PAT_101_1041_651.png,0.823340686233574,1.0531318425580345,0.9926323855744824
PAT_63_98_187.png,0.6203882870570816,1.165493435309926,0.968756627412378
PAT_1707_3148_835.png,0.8502620360735605,1.0499645026936837,0.9909748282318654
PAT_1066_281_698.png,0.8268479649828138,1.0528479013769338,0.9724473257698542
PAT_691_1312_389.png,0.8272697930613978,1.0528596857265409,0.9791133492941468
PAT_558_1072_486.png,0.8592232643829316,1.0505713828770893,0.9882911651518872
PAT_1393_1355_270.png,0.8727496767095627,1.0502421835965687,0.9872643876868168
PAT_276_425_539.png,0.8542273832724787,1.0518002146245262,0.9940124720443976
PAT_115_177_575.png,0.6387932129091414,1.1998482827237342,0.9851941747572815
PAT_397_797_742.png,0.7644619883082052,1.0875037068326985,0.9550541048961912
PAT_198_853_778.png,0.6522404470759445,1.103492430089594,0.924202607306642
PAT_452_882_896.png,0.6826057745516412,1.107919232446512,0.918293266673758
PAT_1653_2916_346.png,0.7537588785156489,1.0617756160424734,0.9722674908682214
PAT_50_76_296.png,0.7847412947385535,1.0698465166182158,0.9738052924994522
PAT_800_1514_512.png,0.7390785100535363,1.0951852931479478,0.9502013422818792
PAT_2076_4459_450.png,0.7430337383544395,1.0880617801588357,0.9599506043789936
PAT_2079_4480_586.png,0.4767609016889036,1.3036060724545988,0.8920164483316146
PAT_739_1398_331.png,0.779050267535433,1.060849588912309,0.9672960299234038
PAT_1944_3921_281.png,0.8503225756457478,1.057441897723142,0.9873983481863594
PAT_1995_4080_695.png,0.251480200955971,1.0,0.2699466056445461
PAT_616_1169_3.png,0.87852345603766,1.0527168241479796,0.9912285218943646
PAT_241_367_89.png,0.2858595743863401,1.3438779613166645,0.6065708609579024
PAT_1786_3420_346.png,0.6663921857272721,1.0841084815403377,0.898605116657284
PAT_535_1010_303.png,0.8625587992639435,1.049242900300127,0.9867693282327428
PAT_1976_4000_701.png,0.5356627100135964,1.1007739472583238,0.8342173231251729
PAT_1922_3848_451.png,0.7732850252355558,1.1287814581608686,0.987880773010154
PAT_958_1812_62.png,0.8014101499074563,1.0687981663531272,0.9770637888886567
PAT_1818_3570_577.png,0.8735116963875023,1.0512862018902571,0.9848675914249684
PAT_1807_3481_801.png,0.7204617076910504,1.1150710892100115,0.9655741714565244
PAT_364_748_278.png,0.7137321144112916,1.0686879999215633,0.9448346753469248
PAT_1554_2392_767.png,0.6852394579373218,1.1032667000165204,0.8796955272156165
PAT_68_105_871.png,0.8602919797162568,1.052068308795819,0.9920685959271168
PAT_1699_3126_673.png,0.8854131358273751,1.050225352452683,0.9827321565617804
PAT_1626_2811_850.png,0.782378811901219,1.0712961059503046,0.961438577162194
PAT_41_57_2.png,0.742801031495537,1.087289213036377,0.961387580299786
PAT_945_1796_583.png,0.7903893664211332,1.0764847106003432,0.9657951165525352
PAT_573_1090_660.png,0.7036683218022538,1.080747048802431,0.9430149459817514
PAT_333_702_840.png,0.5540755663312489,1.2046755011407326,0.8957108345868089
PAT_703_1329_112.png,0.8071298208245645,1.0605635833513123,0.9839517876489708
PAT_557_1058_309.png,0.8776666285893696,1.0490193941269117,0.9948781404673892
PAT_319_680_832.png,0.8099975961479848,1.0513228440894755,0.9886576952995813
PAT_2006_4123_719.png,0.8125656804093836,1.0729306343310214,0.9768036081842292
PAT_2046_4323_394.png,0.1066000124211127,1.621623998908845,0.3400257161004477
PAT_361_743_82.png,0.5934356925056833,1.0970211002802337,0.9494172675731848
PAT_379_1531_17.png,0.8997959820088113,1.0441782139391589,0.9934706380234574
PAT_260_400_842.png,0.8088579515474611,1.0629264816110358,0.979405324786596
PAT_205_311_255.png,0.8039979585918429,1.0644428605335077,0.9406130268199234
PAT_815_1534_411.png,0.7780248188530486,1.0804113587926525,0.9813261134773024
PAT_950_1804_64.png,0.8409738958445155,1.0541906776872592,0.987012550802199
PAT_458_891_709.png,0.8432833388404208,1.0487210462436294,0.9881163466254196
PAT_535_1012_145.png,0.7310767146825551,1.063697979753961,0.9622005908482284
PAT_220_338_339.png,0.6629305217004124,1.0763622912588464,0.9382897111913358
PAT_2140_4726_141.png,0.597747067854005,1.122711894607677,0.9742892196084708
PAT_967_1827_247.png,0.7750864954118368,1.055990360937155,0.9348914858096828
PAT_1735_3241_207.png,0.8342061406609218,1.050744831062999,0.9664975144987572
PAT_989_1861_156.png,0.1892570687182752,1.2809992883001615,0.534532586257741
PAT_259_399_801.png,0.2715072265266273,1.195857692076892,0.4947404479196033
PAT_1694_3110_213.png,0.8263249496676895,1.0655789657246766,0.9703147353361946
PAT_303_652_342.png,0.5067497760227052,1.0504753562887374,0.6882408342825403
PAT_1246_846_899.png,0.129709690382081,1.0,0.0539779869821493
PAT_669_1265_76.png,0.8394330680372968,1.057624584784626,0.9810597540017456
PAT_1861_3648_959.png,0.8344848519381252,1.0593862182623603,0.9909754512274386
PAT_1186_681_457.png,0.7532498261430085,1.074068576979735,0.9591631042991694
PAT_1998_4095_438.png,0.7159294749160368,1.068496022569324,0.9487901543596162
PAT_882_1678_192.png,0.6613904200085959,1.157697365883237,0.9310782276304698
PAT_1420_1461_93.png,0.7675959272189997,1.0930052978777507,0.9545729453665748
PAT_1220_765_464.png,0.5113325680949975,1.2028992117544477,0.8753222330220175
PAT_1726_3228_674.png,0.6733938545237738,1.130641332843357,0.9426967446000069
PAT_986_1855_702.png,0.4137667894591383,1.2450175307378797,0.7496151668934286
PAT_489_932_138.png,0.7545080957484892,1.0684004989153282,0.9628486485259742
PAT_614_1166_885.png,0.4466373861809312,1.2464900577857962,0.8235165836043282
PAT_455_885_115.png,0.6011817380363549,1.2757357648520204,0.9705095312974152
PAT_368_1652_525.png,0.6719860797131564,1.1414358067404435,0.9336468767814968
PAT_641_3704_317.png,0.8447678084213972,1.0703462690790522,0.9116245163461
PAT_1586_2624_615.png,0.8704131045695604,1.0617633939078246,0.9802069275753488
PAT_1492_1705_578.png,0.8206168357476994,1.0722942666583275,0.986174030711302
PAT_794_1507_723.png,0.6643724000749662,1.1702373092951803,0.975006038724113
PAT_70_107_591.png,0.279910439119701,1.6846260226179266,0.8691784984255013
PAT_904_1736_851.png,0.7949767572348714,1.0982824689387711,0.9838616541353384
PAT_658_1266_149.png,0.47345201450309,1.2033212226044787,0.9103889369057908
PAT_1286_999_824.png,0.854522929303286,1.0568962030453284,0.9834923930838956
PAT_1397_1361_183.png,0.270381154372619,1.602548495480601,0.7824438241844991
PAT_577_1107_61.png,0.7347165013405057,1.085579267377953,0.9491346081173004
PAT_104_1756_151.png,0.6786566441446609,1.1156721008050794,0.9305878628549408
PAT_15_3138_959.png,0.1830005097868042,1.281799841664646,0.4048364632311014
PAT_1787_3421_516.png,0.8092922615067447,1.0492765293770698,0.9086911044549042
PAT_437_857_425.png,0.8446021025159031,1.057941954834965,0.976714645727056
PAT_49_75_326.png,0.4914140958468592,1.175339937980591,0.8039883326388475
PAT_270_416_398.png,0.7441989808780013,1.1008753546919332,0.9592190311188112
PAT_618_1174_596.png,0.6584029107067666,1.0811902189892828,0.902567279053217
PAT_858_1631_427.png,0.2291093115260227,1.4406854766065786,0.5131309436169843
PAT_378_769_36.png,0.6320247740370671,1.17866179675071,0.9345712071030936
PAT_1673_3011_440.png,0.443680567840982,1.1071388557576984,0.7773226759984624
PAT_138_206_507.png,0.2207713011072686,1.508155248184628,0.5983568993786362
PAT_40_1026_312.png,0.6980090707702944,1.1396774832486716,0.9368898784038364
PAT_1620_2779_319.png,0.834762861958326,1.0481279235038117,0.977212389380531
PAT_300_1689_862.png,0.8259761072008844,1.0617055643628115,0.964270876609888
PAT_184_284_721.png,0.8891192963701585,1.0516195354179003,0.994500199779068
PAT_768_1449_842.png,0.6366675162821579,1.117458278375716,0.884693697996531
PAT_791_1487_906.png,0.8729699749080887,1.0539278451811127,0.9933783321941216
PAT_1347_1226_928.png,0.6133037845146985,1.104295316386931,0.8854215699847708
PAT_983_1853_985.png,0.7479514469190286,1.113027117499281,0.964637165894229
PAT_128_194_144.png,0.8616166034721179,1.053249096710314,0.9843967402106936
PAT_639_3676_760.png,0.7908276425112346,1.0520255324173733,0.9590283874743928
PAT_934_1777_423.png,0.527793616890412,1.1770657731146268,0.8561655948553054
PAT_622_1185_922.png,0.3578025223895784,1.3539847374825746,0.7439774925268156
PAT_2142_4733_13.png,0.6613821325387865,1.0867298619634058,0.8923583311093319
PAT_655_1245_807.png,0.5232088320566154,1.2517785036111024,0.9031904796670804
PAT_978_1844_599.png,0.3240741506403358,1.5169752635175755,0.7972183263207107
PAT_890_1694_29.png,0.5103246958880487,1.2197729374213198,0.8654878139673549
PAT_814_1532_545.png,0.3308423564234673,1.2823989816386423,0.7036351469493044
PAT_176_273_423.png,0.8152307424031957,1.0780807110321198,0.9817445463749884
PAT_951_1836_991.png,0.8529552273630212,1.070345676842784,0.9909856262833676
PAT_817_1537_643.png,0.7983991971169913,1.0567165093225004,0.9838023962615507
PAT_714_1337_709.png,0.7466118481300892,1.0703588707817258,0.9649366018596788
PAT_727_1373_718.png,0.5792711918296769,1.1311277573089051,0.8936140546569994
PAT_1881_3713_718.png,0.7968268264526802,1.0602317407073585,0.9449516648764767
PAT_381_775_566.png,0.8858168611893742,1.049221754584676,0.9906381690176386
PAT_1468_1622_219.png,0.5313926978712351,1.158522783640507,0.8455164349222777
PAT_1286_1000_517.png,0.7856161538088093,1.0749869780005512,0.9788012084795166
PAT_419_2768_910.png,0.8375606779838594,1.0,0.7488338856344133
PAT_1563_2425_443.png,0.7887461471798963,1.0523856079429716,0.8973247844351094
PAT_370_2558_175.png,0.7421708838036306,1.0645956250316424,0.9571247369977246
PAT_230_350_872.png,0.6557070694171303,1.1139874784911266,0.911734261267908
PAT_115_1138_870.png,0.7780240461504442,1.05451764827482,0.969383775351014
PAT_997_14_40.png,0.255266923780912,1.0,0.144821225706363
PAT_1371_1276_145.png,0.8261939146132395,1.0742898013426758,0.9748916500314992
PAT_430_847_315.png,0.6928534168829305,1.1103887748328292,0.9383059697884362
PAT_1153_555_98.png,0.8248165887033586,1.0783658000810572,0.9834236864053376
PAT_1449_1554_932.png,0.7660617188064347,1.0649868884419884,0.9839826769610068
PAT_710_1330_243.png,0.8818405813399519,1.0544707626420176,0.9886905880142776
PAT_831_1570_991.png,0.8556174195209293,1.0604012508339191,0.9895175972950404
PAT_1918_3837_15.png,0.2724444587235072,1.429106263721076,0.643546844928125
PAT_2116_4614_671.png,0.7143175978388022,1.0637776184564862,0.9547955302815856
PAT_271_418_92.png,0.8656580412852647,1.054299638451771,0.987956452010856
PAT_468_4775_268.png,0.6619487001922234,1.0994322698490062,0.9225617786905372
PAT_636_1204_521.png,0.5686486832682179,1.2024841184574695,0.872482933321884
PAT_2088_4524_465.png,0.8580598085498216,1.0552183612555486,0.9788580984233158
PAT_1264_907_674.png,0.8670006031568014,1.046674749263211,0.9874291527394274
PAT_363_745_516.png,0.5174508479588262,1.2276285342050388,0.8481506722012266
PAT_287_440_729.png,0.6219068778968941,1.1560864405931277,0.9208476819520536
PAT_645_1223_124.png,0.6484147900228142,1.0984927554291604,0.9866561270773342
PAT_1472_1639_87.png,0.9078686197265508,1.0369037435706892,0.9917800712393826
PAT_886_4635_304.png,0.5773356987606767,1.1929007072729132,0.912136146513279
PAT_1555_2396_71.png,0.7652229795718585,1.0797169497101118,0.976224704191087
PAT_652_1231_516.png,0.6408789628110226,1.0880974528739733,0.8740533250337172
PAT_1875_3689_646.png,0.748418519569639,1.1010872436493049,0.9714958606908364
PAT_56_88_274.png,0.539471937207964,1.270245621180002,0.903665866117254
PAT_567_1078_978.png,0.798416563605767,1.063540836104143,0.9893522901354632
PAT_1914_3822_863.png,0.8611314925657326,1.0533876466369458,0.9687836383207752
PAT_891_1700_180.png,0.7710729463810742,1.0820858744449704,0.9721054642720672
PAT_1245_844_471.png,0.6935411310211808,1.0735282139055518,0.9458492975734356
PAT_323_687_169.png,0.4136601825029642,1.3689340171007585,0.8371435098139134
PAT_882_1677_789.png,0.6617306556971225,1.1772582745981244,0.956738052335316
PAT_715_1339_508.png,0.8746649117385978,1.055777599308638,0.9888299491979038
PAT_408_811_808.png,0.7163299203468644,1.1509483749585372,0.9739055793991416
PAT_1469_1627_109.png,0.331096262483659,1.3316503353004758,0.6924366616989568
PAT_846_4421_153.png,0.2135015566833699,1.0,0.0389844267313867
PAT_377_768_643.png,0.8184289348143501,1.0591239266729122,0.93015889609032
PAT_464_900_548.png,0.8447683243605867,1.064864271959051,0.9868821615689144
PAT_805_1517_154.png,0.8989039723084439,1.0441435320244576,0.9723909442297074
PAT_875_1669_946.png,0.536236020134144,1.1650482222688068,0.8727559938585095
PAT_708_1333_222.png,0.6284100967188455,1.0921032230149157,0.9039774987533548
PAT_926_1758_714.png,0.5128079127362012,1.0,0.5562550954388388
PAT_1803_3463_639.png,0.8064591352625325,1.056009945798765,0.9882025302283924
PAT_492_937_958.png,0.7800193457180344,1.0686270777106577,0.9666719242507316
PAT_43_1017_483.png,0.7800926792371403,1.0593701813209715,0.9832981225335832
PAT_1596_2664_323.png,0.5293395530046157,1.152372443949066,0.7935391428943598
PAT_1871_3666_675.png,0.5838478934381789,1.2608986154156252,0.9794817835065106
PAT_621_3592_955.png,0.8334004652188497,1.065125583283676,0.9873463059224944
PAT_294_638_564.png,0.8517763410885091,1.063198140290885,0.9787778997438712
PAT_167_258_711.png,0.7723958681484273,1.0475487206790666,0.9834268495428096
PAT_1600_2685_445.png,0.7082725669406399,1.1298607971575134,0.975382932166302
PAT_1942_3917_379.png,0.8704197187271376,1.0468380521454923,0.9871652611333036
PAT_2016_4156_941.png,0.5849711637750086,1.2116839429212525,0.9229725477857312
PAT_273_421_905.png,0.8679899420383065,1.0566509350585171,0.9881294089029432
PAT_527_1359_165.png,0.7608973330779693,1.10482056013905,0.9528141428718688
PAT_131_197_974.png,0.8450658263827439,1.054731216429675,0.9820714092951764
PAT_300_647_501.png,0.6374242350103346,1.1625141301792443,0.9209628092403472
PAT_713_1336_159.png,0.801529064550966,1.0768849710637969,0.9606170922328862
PAT_514_968_269.png,0.4148826266379994,1.307931373722314,0.8139809713366212
PAT_1767_3340_959.png,0.7158295360825941,1.0753651243102569,0.9500245955984572
PAT_998_17_641.png,0.7779743301340027,1.0764210448417624,0.9701987876324968
PAT_223_341_187.png,0.8364666633557332,1.0519183872125657,0.9681341719077567
PAT_482_2928_201.png,0.8515979583879669,1.0611644207133597,0.9894510039476556
PAT_1129_498_930.png,0.7171415934930521,1.1256246192284696,0.967607047279215
PAT_1983_4032_502.png,0.3926666420326901,1.0,0.5380669731260633
PAT_361_1568_456.png,0.7352631099000873,1.0842334797784836,0.9714883720930232
PAT_1648_2904_523.png,0.7532758072889999,1.0929739717046685,0.9754616132167152
PAT_1832_3597_594.png,0.8164962140300128,1.0,0.5533281127642913
PAT_795_1508_925.png,0.3808903968805567,1.0,0.5021587998536406
PAT_1821_3575_920.png,0.5470100186487797,1.1817243857332256,0.8662534178473775
PAT_655_926_447.png,0.1591060922899063,1.313283272391895,0.3059205455353337
PAT_2150_4766_754.png,0.247864041374369,1.0,0.0662673466967145
PAT_238_364_387.png,0.8039136348110596,1.0511110828593693,0.9587767262111296
PAT_380_1540_959.png,0.7887463400932365,1.091851608291261,0.9884263005552684
